conn AdminPdb/123@localhost:1521/PDB;
SET NLS_LANG=AMERICAN_AMERICA.AL32UTF8;

BEGIN
   EXECUTE IMMEDIATE 'DROP TABLE DANGKY CASCADE CONSTRAINTS';
EXCEPTION
   WHEN OTHERS THEN
      IF SQLCODE != -942 THEN -- ORA-00942: table or view does not exist
         RAISE;
      END IF;
END;
/

BEGIN
   EXECUTE IMMEDIATE 'DROP TABLE MOMON CASCADE CONSTRAINTS';
EXCEPTION
   WHEN OTHERS THEN
      IF SQLCODE != -942 THEN
         RAISE;
      END IF;
END;
/

BEGIN
   EXECUTE IMMEDIATE 'DROP TABLE HOCPHAN CASCADE CONSTRAINTS';
EXCEPTION
   WHEN OTHERS THEN
      IF SQLCODE != -942 THEN
         RAISE;
      END IF;
END;
/

BEGIN
   EXECUTE IMMEDIATE 'DROP TABLE SINHVIEN CASCADE CONSTRAINTS';
EXCEPTION
   WHEN OTHERS THEN
      IF SQLCODE != -942 THEN
         RAISE;
      END IF;
END;
/

BEGIN
   EXECUTE IMMEDIATE 'DROP TABLE NHANVIEN CASCADE CONSTRAINTS';
EXCEPTION
   WHEN OTHERS THEN
      IF SQLCODE != -942 THEN
         RAISE;
      END IF;
END;
/

BEGIN
   EXECUTE IMMEDIATE 'DROP TABLE DONVI CASCADE CONSTRAINTS';
EXCEPTION
   WHEN OTHERS THEN
      IF SQLCODE != -942 THEN
         RAISE;
      END IF;
END;
/

-- Bảng DONVI
CREATE TABLE DONVI (
    MADV VARCHAR2(10) PRIMARY KEY,
    TENDV VARCHAR2(100),
    LOAIDV VARCHAR2(20),
    TRGDV VARCHAR2(10) 
);
-- MADV: HOA => TENDV: Khoa hoá học => LOAIDV: KHOA
-- MADV PDT => TENDV: Phòng đào tạo => LOAIDV: PHONG

-- Bảng NHANVIEN
CREATE TABLE NHANVIEN (
    MANV VARCHAR2(20) PRIMARY KEY,
    HOTEN VARCHAR2(100),
    PHAI CHAR(1), -- 1: male, 0: female
    NGSINH DATE,
    LUONG NUMBER, 
    PHUCAP NUMBER,
    DT VARCHAR2(15),
    VAITRO VARCHAR2(50),
    MADV VARCHAR2(10), 
    FOREIGN KEY (MADV) REFERENCES DONVI(MADV)
);
ALTER TABLE DONVI ADD FOREIGN KEY (TRGDV) REFERENCES NHANVIEN(MANV);
ALTER TABLE NHANVIEN ADD CONSTRAINT CS_NHANVIEN_PHAI CHECK (PHAI IN ('1', '0'));
-- NHANVIEN: VAITRO
-- NVCB: 500
-- GV: 200
-- NVPDT: 20
-- NVPKT: 10
-- NVTCHC: 15
-- NVCTSV: 10
-- TRGDV: 15

-- Bảng SINHVIEN
CREATE TABLE SINHVIEN (
    MASV VARCHAR2(20) PRIMARY KEY,
    HOTEN VARCHAR2(100),
    PHAI CHAR(1),
    NGSINH DATE,
    DCHI VARCHAR2(256), 
    DT VARCHAR2(15),
    KHOA VARCHAR2(10),
    TINHTRANG VARCHAR2(100)
);
ALTER TABLE SINHVIEN ADD CONSTRAINT CS_SINHVIEN_PHAI CHECK (PHAI IN ('1', '0'));
-- NHANVIEN: 4000
ALTER TABLE SINHVIEN
MODIFY TINHTRANG VARCHAR2(100);

-- Bảng HOCPHAN
CREATE TABLE HOCPHAN (
    MAHP VARCHAR2(10) PRIMARY KEY,
    TENHP VARCHAR2(100),
    SOTC NUMBER,
    STLT NUMBER,
    STTH NUMBER,
    MADV VARCHAR2(10),
    FOREIGN KEY (MADV) REFERENCES DONVI(MADV)
);

-- Bảng MOMON
CREATE TABLE MOMON (
    MAMM VARCHAR2(20) PRIMARY KEY,
    MAHP VARCHAR2(10),
    MAGV VARCHAR2(10),
    HK NUMBER,
    NAM NUMBER,
    FOREIGN KEY (MAHP) REFERENCES HOCPHAN(MAHP),
    FOREIGN KEY (MAGV) REFERENCES NHANVIEN(MANV)
);

-- Bảng DANGKY
CREATE TABLE DANGKY (
    MASV VARCHAR2(20),
    MAMM VARCHAR2(10),
    DIEMTH NUMBER,
    DIEMQT NUMBER,
    DIEMCK NUMBER,
    DIEMTK NUMBER,
    PRIMARY KEY (MASV, MAMM),
    FOREIGN KEY (MASV) REFERENCES SINHVIEN(MASV),
    FOREIGN KEY (MAMM) REFERENCES MOMON(MAMM)
);
-- DIEMTK: => DIEMQT*20% + DIEMTH*30% + DIEMCK*50%



INSERT INTO DONVI(MADV, TENDV, LOAIDV) VALUES ('TCHC', 'Phòng tổ chức hành chính', 'PHONG');
INSERT INTO DONVI(MADV, TENDV, LOAIDV) VALUES ('PDT', 'Phòng đào tạo', 'PHONG');
INSERT INTO DONVI(MADV, TENDV, LOAIDV) VALUES ('PKT', 'Phòng kế toán', 'PHONG');
INSERT INTO DONVI(MADV, TENDV, LOAIDV) VALUES ('CTSV', 'Phòng công tác sinh viên', 'PHONG');
INSERT INTO DONVI(MADV, TENDV, LOAIDV) VALUES ('TOAN', 'Khoa Toán học', 'KHOA');
INSERT INTO DONVI(MADV, TENDV, LOAIDV) VALUES ('VATLY', 'Khoa Vật lý', 'KHOA');
INSERT INTO DONVI(MADV, TENDV, LOAIDV) VALUES ('CNTT', 'Khoa Công nghệ thông tin', 'KHOA');
INSERT INTO DONVI(MADV, TENDV, LOAIDV) VALUES ('HOA', 'Khoa Hoá học', 'KHOA');
INSERT INTO DONVI(MADV, TENDV, LOAIDV) VALUES ('KHKT', 'Khoa kỹ thuật', 'KHOA');  
INSERT INTO DONVI(MADV, TENDV, LOAIDV) VALUES ('SINH', 'Khoa Sinh học', 'KHOA');
-- SINHVIEN
-- NVCB
DECLARE
  ho  SYS.ODCIVARCHAR2LIST := SYS.ODCIVARCHAR2LIST(
    'Nguyễn', 'Trần', 'Lê', 'Phạm', 'Hoàng', 'Võ', 'Đặng', 'Bùi', 'Đỗ', 'Hồ'
  );
  ten SYS.ODCIVARCHAR2LIST := SYS.ODCIVARCHAR2LIST(
    'An', 'Bình', 'Chi', 'Dũng', 'Hùng', 'Mai', 'Lan', 'Hương', 'Minh', 'Thảo', 'Nam', 'Khoa', 'Hải', 'Tâm', 'Thắng'
  );
BEGIN
  FOR i IN 300..799 LOOP
    INSERT INTO NHANVIEN (
      MANV, HOTEN, PHAI, NGSINH, LUONG, PHUCAP, DT, VAITRO, MADV
    ) VALUES (
      'NV' || LPAD(i, 5, '0'),
      ho(MOD(i, ho.COUNT) + 1) || ' ' || ten(MOD(i, ten.COUNT) + 1),
      CASE MOD(i, 2) WHEN 0 THEN '1' ELSE '0' END,
      TO_DATE('1985-01-01', 'YYYY-MM-DD') + MOD(i, 7000),
      4000000 + MOD(i * 1111, 8000000),
      500000 + MOD(i * 2222, 3000000),
      '091' || TO_CHAR(1000000 + i),
      'NVCB',
      CASE 
        WHEN MOD(i, 6) = 0 THEN 'TOAN'
        WHEN MOD(i, 6) = 1 THEN 'CNTT'
        WHEN MOD(i, 6) = 2 THEN 'VATLY'
        WHEN MOD(i, 6) = 3 THEN 'SINH'
        WHEN MOD(i, 6) = 4 THEN 'HOA'
        ELSE 'KHKT'
      END
    );
  END LOOP;
  COMMIT;
END;
/
-- GV
INSERT INTO NHANVIEN(MANV, HOTEN, PHAI, NGSINH, LUONG, PHUCAP, DT, VAITRO, MADV) VALUES ('NV00001', 'Nguyễn Văn Tèo', '1', TO_DATE('1994-11-01', 'YYYY-MM-DD'), 5000000, 1000000, '0123456789', 'GV', 'TOAN');
INSERT INTO NHANVIEN(MANV, HOTEN, PHAI, NGSINH, LUONG, PHUCAP, DT, VAITRO, MADV) VALUES ('NV00002', 'Nguyễn Văn Tí', '1', TO_DATE('1993-04-02', 'YYYY-MM-DD'), 6000000, 2000000, '0123456799', 'GV', 'VATLY');
INSERT INTO NHANVIEN(MANV, HOTEN, PHAI, NGSINH, LUONG, PHUCAP, DT, VAITRO, MADV) VALUES ('NV00003', 'Nguyễn Văn Mai', '0', TO_DATE('2000-09-11', 'YYYY-MM-DD'), 6700000, 3000000, '0123456989', 'GV', 'SINH');
INSERT INTO NHANVIEN(MANV, HOTEN, PHAI, NGSINH, LUONG, PHUCAP, DT, VAITRO, MADV) VALUES ('NV00004', 'Gia Cát Lượng', '1', TO_DATE('2002-03-01', 'YYYY-MM-DD'), 9000000, 2500000, '0123459789', 'GV', 'CNTT');
INSERT INTO NHANVIEN(MANV, HOTEN, PHAI, NGSINH, LUONG, PHUCAP, DT, VAITRO, MADV) VALUES ('NV00005', 'Trương Thị Thuý Kiều', '0', TO_DATE('2004-12-01', 'YYYY-MM-DD'), 5000000, 4000000, '0123496789', 'GV', 'TOAN');
INSERT INTO NHANVIEN(MANV, HOTEN, PHAI, NGSINH, LUONG, PHUCAP, DT, VAITRO, MADV) VALUES ('NV00006', 'Tần Thuỷ Hoàng', '1', TO_DATE('1987-05-05', 'YYYY-MM-DD'), 50000000, 10000000, '0123956789', 'GV', 'VATLY');
INSERT INTO NHANVIEN(MANV, HOTEN, PHAI, NGSINH, LUONG, PHUCAP, DT, VAITRO, MADV) VALUES ('NV00007', 'Hán Vũ Đế', '1', TO_DATE('1999-05-25', 'YYYY-MM-DD'), 4000000, 1000000, '0129456789', 'GV', 'SINH');
INSERT INTO NHANVIEN(MANV, HOTEN, PHAI, NGSINH, LUONG, PHUCAP, DT, VAITRO, MADV) VALUES ('NV00008', 'Khang Hi', '1', TO_DATE('1998-06-26', 'YYYY-MM-DD'), 13000000, 1200000, '0193456789', 'GV', 'VATLY');
INSERT INTO NHANVIEN(MANV, HOTEN, PHAI, NGSINH, LUONG, PHUCAP, DT, VAITRO, MADV) VALUES ('NV00009', 'Càn Long', '1', TO_DATE('2001-07-01', 'YYYY-MM-DD'), 22000000, 4000000, '0923456789', 'GV', 'SINH');
INSERT INTO NHANVIEN(MANV, HOTEN, PHAI, NGSINH, LUONG, PHUCAP, DT, VAITRO, MADV) VALUES ('NV00010', 'Khổng Tử', '1', TO_DATE('1980-07-15', 'YYYY-MM-DD'), 7000000, 1000000, '0993456789', 'GV', 'VATLY');
INSERT INTO NHANVIEN(MANV, HOTEN, PHAI, NGSINH, LUONG, PHUCAP, DT, VAITRO, MADV) VALUES ('NV00011', 'Quan Vũ', '1', TO_DATE('1972-02-28', 'YYYY-MM-DD'), 9000000, 1000000, '0929456789', 'GV', 'TOAN');
INSERT INTO NHANVIEN(MANV, HOTEN, PHAI, NGSINH, LUONG, PHUCAP, DT, VAITRO, MADV) VALUES ('NV00012', 'Triệu Tử Long', '1', TO_DATE('1975-10-10', 'YYYY-MM-DD'), 11000000, 500000, '0923956789', 'GV', 'CNTT');
INSERT INTO NHANVIEN(MANV, HOTEN, PHAI, NGSINH, LUONG, PHUCAP, DT, VAITRO, MADV) VALUES ('NV00013', 'Hà Nhân', '1', TO_DATE('1960-07-17', 'YYYY-MM-DD'), 13000000, 1500000, '0923496789', 'GV', 'CNTT');
INSERT INTO NHANVIEN(MANV, HOTEN, PHAI, NGSINH, LUONG, PHUCAP, DT, VAITRO, MADV) VALUES ('NV00014', 'Nam', '1', TO_DATE('1960-07-17', 'YYYY-MM-DD'), 13000000, 1500000, '0923496789', 'PKT', 'CNTT');

DECLARE
  ho  SYS.ODCIVARCHAR2LIST := SYS.ODCIVARCHAR2LIST('Nguyễn', 'Trần', 'Lê', 'Phạm', 'Hoàng');
  ten SYS.ODCIVARCHAR2LIST := SYS.ODCIVARCHAR2LIST('An', 'Bình', 'Chi', 'Dũng', 'Hùng', 'Mai', 'Lan', 'Hương');
BEGIN
  FOR i IN 100..299 LOOP
    INSERT INTO NHANVIEN (
      MANV, HOTEN, PHAI, NGSINH, LUONG, PHUCAP, DT, VAITRO, MADV
    ) VALUES (
      'NV' || LPAD(i, 5, '0'),
      ho(MOD(i, ho.COUNT) + 1) || ' ' || ten(MOD(i, ten.COUNT) + 1),
      CASE MOD(i, 2) WHEN 0 THEN '1' ELSE '0' END,
      TO_DATE('1990-01-01', 'YYYY-MM-DD') + MOD(i, 365),
      5000000 + MOD(i * 10000, 10000000),
      1000000 + MOD(i * 5000, 5000000),
      '090' || TO_CHAR(1000000 + i),
      'GV',
      CASE 
        WHEN MOD(i, 5) = 0 THEN 'TOAN'
        WHEN MOD(i, 5) = 1 THEN 'CNTT'
        WHEN MOD(i, 5) = 2 THEN 'VATLY'
        WHEN MOD(i, 5) = 3 THEN 'SINH'
        ELSE 'HOA'
      END
    );
  END LOOP;
  COMMIT;
END;
/

--NV PDT 
INSERT INTO NHANVIEN(MANV, HOTEN, PHAI, NGSINH, LUONG, PHUCAP, DT, VAITRO, MADV) VALUES ('NV00014', 'Ngô Quyền', '1', TO_DATE('1995-11-01', 'YYYY-MM-DD'), 20000000, 3000000, '0923459789', 'NVPDT', 'PDT');
INSERT INTO NHANVIEN(MANV, HOTEN, PHAI, NGSINH, LUONG, PHUCAP, DT, VAITRO, MADV) VALUES ('NV00015', 'Lê Quý Đôn', '1', TO_DATE('1994-05-11', 'YYYY-MM-DD'), 30000000, 2000000, '0923456989', 'NVPDT', 'PDT');
INSERT INTO NHANVIEN(MANV, HOTEN, PHAI, NGSINH, LUONG, PHUCAP, DT, VAITRO, MADV) VALUES 
('NV00023', 'Nguyễn Thị Lan', '0', TO_DATE('1990-02-01', 'YYYY-MM-DD'), 18000000, 2000000, '0900000001', 'NVPDT', 'PDT'),
('NV00024', 'Phạm Văn Hùng', '1', TO_DATE('1991-03-11', 'YYYY-MM-DD'), 17500000, 1500000, '0900000002', 'NVPDT', 'PDT'),
('NV00025', 'Trần Thị Mai', '0', TO_DATE('1988-05-14', 'YYYY-MM-DD'), 19000000, 1800000, '0900000003', 'NVPDT', 'PDT'),
('NV00026', 'Lê Văn An', '1', TO_DATE('1989-07-07', 'YYYY-MM-DD'), 16000000, 1700000, '0900000004', 'NVPDT', 'PDT'),
('NV00027', 'Hoàng Thị Hạnh', '0', TO_DATE('1993-09-21', 'YYYY-MM-DD'), 15500000, 1400000, '0900000005', 'NVPDT', 'PDT'),
('NV00028', 'Đoàn Văn Bình', '1', TO_DATE('1987-12-12', 'YYYY-MM-DD'), 16500000, 1600000, '0900000006', 'NVPDT', 'PDT'),
('NV00029', 'Nguyễn Thị Bích', '0', TO_DATE('1992-11-19', 'YYYY-MM-DD'), 17500000, 1200000, '0900000007', 'NVPDT', 'PDT'),
('NV00030', 'Võ Minh Trí', '1', TO_DATE('1994-01-25', 'YYYY-MM-DD'), 18500000, 1500000, '0900000008', 'NVPDT', 'PDT'),
('NV00031', 'Lý Thị Huệ', '0', TO_DATE('1986-10-08', 'YYYY-MM-DD'), 17000000, 1300000, '0900000009', 'NVPDT', 'PDT'),
('NV00032', 'Trịnh Văn Cường', '1', TO_DATE('1985-06-05', 'YYYY-MM-DD'), 16000000, 1400000, '0900000010', 'NVPDT', 'PDT'),
('NV00033', 'Nguyễn Thị Dung', '0', TO_DATE('1991-04-04', 'YYYY-MM-DD'), 18000000, 1900000, '0900000011', 'NVPDT', 'PDT'),
('NV00034', 'Phan Văn Hòa', '1', TO_DATE('1989-08-18', 'YYYY-MM-DD'), 15000000, 1500000, '0900000012', 'NVPDT', 'PDT'),
('NV00035', 'Đinh Thị Lệ', '0', TO_DATE('1990-03-30', 'YYYY-MM-DD'), 17000000, 2000000, '0900000013', 'NVPDT', 'PDT'),
('NV00036', 'Tạ Văn Sơn', '1', TO_DATE('1988-01-01', 'YYYY-MM-DD'), 19000000, 1900000, '0900000014', 'NVPDT', 'PDT'),
('NV00037', 'Trần Thị Thanh', '0', TO_DATE('1993-06-16', 'YYYY-MM-DD'), 18000000, 1800000, '0900000015', 'NVPDT', 'PDT'),
('NV00038', 'Lương Văn Hải', '1', TO_DATE('1986-02-20', 'YYYY-MM-DD'), 16000000, 1500000, '0900000016', 'NVPDT', 'PDT'),
('NV00039', 'Bùi Thị Ngọc', '0', TO_DATE('1992-12-12', 'YYYY-MM-DD'), 17000000, 1700000, '0900000017', 'NVPDT', 'PDT'),
('NV00040', 'Vũ Văn Quang', '1', TO_DATE('1991-07-07', 'YYYY-MM-DD'), 16500000, 1800000, '0900000018', 'NVPDT', 'PDT');

-- NV PKT
INSERT INTO NHANVIEN(MANV, HOTEN, PHAI, NGSINH, LUONG, PHUCAP, DT, VAITRO, MADV) VALUES ('NV00016', 'Trưng Trắc', '0', TO_DATE('1990-12-25', 'YYYY-MM-DD'), 15000000, 2000000, '0923456799', 'NVPKT', 'PKT');
INSERT INTO NHANVIEN(MANV, HOTEN, PHAI, NGSINH, LUONG, PHUCAP, DT, VAITRO, MADV) VALUES ('NV00017', 'Trưng Nhị', '0', TO_DATE('1990-01-01', 'YYYY-MM-DD'), 25000000, 2000000, '0993456799', 'NVPKT', 'PKT');
INSERT INTO NHANVIEN(MANV, HOTEN, PHAI, NGSINH, LUONG, PHUCAP, DT, VAITRO, MADV) VALUES 
('NV00041', 'Nguyễn Văn Phú', '1', TO_DATE('1984-03-22', 'YYYY-MM-DD'), 16000000, 2000000, '0900000101', 'NVPKT', 'PKT'),
('NV00042', 'Lê Thị Tuyết', '0', TO_DATE('1989-09-11', 'YYYY-MM-DD'), 17000000, 1900000, '0900000102', 'NVPKT', 'PKT'),
('NV00043', 'Hoàng Văn Đức', '1', TO_DATE('1990-05-06', 'YYYY-MM-DD'), 16500000, 2000000, '0900000103', 'NVPKT', 'PKT'),
('NV00044', 'Phạm Thị Yến', '0', TO_DATE('1988-08-19', 'YYYY-MM-DD'), 15000000, 2100000, '0900000104', 'NVPKT', 'PKT'),
('NV00045', 'Đỗ Văn Tuấn', '1', TO_DATE('1991-11-01', 'YYYY-MM-DD'), 16000000, 1900000, '0900000105', 'NVPKT', 'PKT'),
('NV00046', 'Trịnh Thị Hoa', '0', TO_DATE('1985-12-25', 'YYYY-MM-DD'), 17500000, 1700000, '0900000106', 'NVPKT', 'PKT'),
('NV00047', 'Tống Văn Hòa', '1', TO_DATE('1983-04-14', 'YYYY-MM-DD'), 15500000, 1800000, '0900000107', 'NVPKT', 'PKT'),
('NV00048', 'Đặng Thị Thắm', '0', TO_DATE('1986-07-30', 'YYYY-MM-DD'), 16800000, 2000000, '0900000108', 'NVPKT', 'PKT');

-- NV TCHC
INSERT INTO NHANVIEN(MANV, HOTEN, PHAI, NGSINH, LUONG, PHUCAP, DT, VAITRO, MADV) VALUES ('NV00018', 'Trần Hưng Đạo', '1', TO_DATE('1980-09-24', 'YYYY-MM-DD'), 15000000, 2000000, '0929456799', 'NVTCHC', 'TCHC');
INSERT INTO NHANVIEN(MANV, HOTEN, PHAI, NGSINH, LUONG, PHUCAP, DT, VAITRO, MADV) VALUES ('NV00019', 'Đinh Bộ Lĩnh', '1', TO_DATE('1982-05-17', 'YYYY-MM-DD'), 25000000, 2000000, '0923956799', 'NVTCHC', 'TCHC');
INSERT INTO NHANVIEN(MANV, HOTEN, PHAI, NGSINH, LUONG, PHUCAP, DT, VAITRO, MADV) VALUES 
('NV00049', 'Phạm Minh Thắng', '1', TO_DATE('1985-02-13', 'YYYY-MM-DD'), 16000000, 1800000, '0900000201', 'NVTCHC', 'TCHC'),
('NV00050', 'Ngô Thị Cúc', '0', TO_DATE('1990-06-19', 'YYYY-MM-DD'), 16500000, 2000000, '0900000202', 'NVTCHC', 'TCHC'),
('NV00051', 'Trương Văn Lợi', '1', TO_DATE('1989-04-05', 'YYYY-MM-DD'), 15500000, 1900000, '0900000203', 'NVTCHC', 'TCHC'),
('NV00052', 'Lê Thị Thu Hà', '0', TO_DATE('1991-11-12', 'YYYY-MM-DD'), 17000000, 1700000, '0900000204', 'NVTCHC', 'TCHC'),
('NV00053', 'Đinh Văn Nam', '1', TO_DATE('1988-03-21', 'YYYY-MM-DD'), 16000000, 1600000, '0900000205', 'NVTCHC', 'TCHC'),
('NV00054', 'Trần Thị Kim Chi', '0', TO_DATE('1992-09-14', 'YYYY-MM-DD'), 15800000, 1500000, '0900000206', 'NVTCHC', 'TCHC'),
('NV00055', 'Nguyễn Văn Bình', '1', TO_DATE('1986-01-30', 'YYYY-MM-DD'), 16500000, 1800000, '0900000207', 'NVTCHC', 'TCHC'),
('NV00056', 'Phan Thị Hồng', '0', TO_DATE('1993-12-07', 'YYYY-MM-DD'), 16000000, 2000000, '0900000208', 'NVTCHC', 'TCHC'),
('NV00057', 'Bùi Văn Quý', '1', TO_DATE('1987-05-16', 'YYYY-MM-DD'), 17000000, 1700000, '0900000209', 'NVTCHC', 'TCHC'),
('NV00058', 'Lý Thị Ánh', '0', TO_DATE('1990-10-22', 'YYYY-MM-DD'), 16200000, 1600000, '0900000210', 'NVTCHC', 'TCHC'),
('NV00059', 'Hoàng Văn Dương', '1', TO_DATE('1985-06-03', 'YYYY-MM-DD'), 16800000, 1900000, '0900000211', 'NVTCHC', 'TCHC'),
('NV00060', 'Đặng Thị Thanh', '0', TO_DATE('1989-08-29', 'YYYY-MM-DD'), 15500000, 1700000, '0900000212', 'NVTCHC', 'TCHC'),
('NV00061', 'Tô Văn Lực', '1', TO_DATE('1991-02-17', 'YYYY-MM-DD'), 15800000, 1800000, '0900000213', 'NVTCHC', 'TCHC');

-- NV CTSV
INSERT INTO NHANVIEN(MANV, HOTEN, PHAI, NGSINH, LUONG, PHUCAP, DT, VAITRO, MADV) VALUES ('NV00020', 'Thuý Kiều', '0', TO_DATE('1992-01-01', 'YYYY-MM-DD'), 15000000, 2000000, '0923496799', 'NVCTSV', 'CTSV');
INSERT INTO NHANVIEN(MANV, HOTEN, PHAI, NGSINH, LUONG, PHUCAP, DT, VAITRO, MADV) VALUES ('NV00021', 'Thuý Vân', '0', TO_DATE('1992-01-01', 'YYYY-MM-DD'), 25000000, 2000000, '0923459799', 'NVCTSV', 'CTSV');
INSERT INTO NHANVIEN(MANV, HOTEN, PHAI, NGSINH, LUONG, PHUCAP, DT, VAITRO, MADV) VALUES 
('NV00062', 'Nguyễn Thị Tươi', '0', TO_DATE('1990-07-09', 'YYYY-MM-DD'), 16000000, 1900000, '0900000301', 'NVCTSV', 'CTSV'),
('NV00063', 'Trần Văn Khôi', '1', TO_DATE('1988-10-15', 'YYYY-MM-DD'), 15500000, 1700000, '0900000302', 'NVCTSV', 'CTSV'),
('NV00064', 'Lê Thị Thúy', '0', TO_DATE('1991-03-27', 'YYYY-MM-DD'), 16500000, 1600000, '0900000303', 'NVCTSV', 'CTSV'),
('NV00065', 'Phạm Văn Long', '1', TO_DATE('1986-05-19', 'YYYY-MM-DD'), 15000000, 2000000, '0900000304', 'NVCTSV', 'CTSV'),
('NV00066', 'Hoàng Thị Tuyết', '0', TO_DATE('1993-01-12', 'YYYY-MM-DD'), 16000000, 1500000, '0900000305', 'NVCTSV', 'CTSV'),
('NV00067', 'Đỗ Văn Nghĩa', '1', TO_DATE('1987-11-11', 'YYYY-MM-DD'), 15800000, 1700000, '0900000306', 'NVCTSV', 'CTSV'),
('NV00068', 'Vũ Thị Hạnh', '0', TO_DATE('1992-04-04', 'YYYY-MM-DD'), 16500000, 1800000, '0900000307', 'NVCTSV', 'CTSV'),
('NV00069', 'Tạ Văn Hào', '1', TO_DATE('1989-06-25', 'YYYY-MM-DD'), 17000000, 1900000, '0900000308', 'NVCTSV', 'CTSV'),
('NV00070', 'Ngô Thị Hoa', '0', TO_DATE('1990-08-30', 'YYYY-MM-DD'), 16000000, 1600000, '0900000309', 'NVCTSV', 'CTSV');

-- TRGDV
INSERT INTO NHANVIEN(MANV, HOTEN, PHAI, NGSINH, LUONG, PHUCAP, DT, VAITRO, MADV) VALUES ('NV00022', 'Phạm Ngũ Lão', '1', TO_DATE('1950-04-14', 'YYYY-MM-DD'), 35000000, 5000000, '0923456999', 'TRGDV', 'TOAN');
INSERT INTO NHANVIEN(MANV, HOTEN, PHAI, NGSINH, LUONG, PHUCAP, DT, VAITRO, MADV) VALUES 
('NV00071', 'Trịnh Văn Thọ', '1', TO_DATE('1975-03-10', 'YYYY-MM-DD'), 28000000, 3000000, '0900000401', 'TRGDV', 'TCHC'),
('NV00072', 'Nguyễn Thị Thuận', '0', TO_DATE('1980-06-18', 'YYYY-MM-DD'), 27500000, 2500000, '0900000402', 'TRGDV', 'PDT'),
('NV00073', 'Lê Văn Kiệt', '1', TO_DATE('1978-01-27', 'YYYY-MM-DD'), 26000000, 2800000, '0900000403', 'TRGDV', 'PKT'),
('NV00074', 'Võ Thị Hiền', '0', TO_DATE('1981-09-05', 'YYYY-MM-DD'), 27000000, 2900000, '0900000404', 'TRGDV', 'CTSV'),
('NV00075', 'Đỗ Văn Chiến', '1', TO_DATE('1979-02-14', 'YYYY-MM-DD'), 26500000, 2700000, '0900000405', 'TRGDV', 'CNTT'),
('NV00076', 'Bùi Thị Nga', '0', TO_DATE('1983-12-03', 'YYYY-MM-DD'), 25000000, 2600000, '0900000406', 'TRGDV', 'VATLY'),
('NV00077', 'Phạm Văn Quân', '1', TO_DATE('1976-08-22', 'YYYY-MM-DD'), 25500000, 2500000, '0900000407', 'TRGDV', 'HOA'),
('NV00078', 'Hoàng Thị Liên', '0', TO_DATE('1982-11-09', 'YYYY-MM-DD'), 26000000, 2400000, '0900000408', 'TRGDV', 'KHKT'),
('NV00079', 'Ngô Văn Tâm', '1', TO_DATE('1977-05-17', 'YYYY-MM-DD'), 27000000, 2900000, '0900000409', 'TRGDV', 'SINH');

-- DONVI: TRGDV
UPDATE DONVI SET TRGDV = 'NV00071' WHERE MADV = 'TCHC';
UPDATE DONVI SET TRGDV = 'NV00072' WHERE MADV = 'PDT';
UPDATE DONVI SET TRGDV = 'NV00073' WHERE MADV = 'PKT';
UPDATE DONVI SET TRGDV = 'NV00074' WHERE MADV = 'CTSV';
UPDATE DONVI SET TRGDV = 'NV00022' WHERE MADV = 'TOAN'; 
UPDATE DONVI SET TRGDV = 'NV00076' WHERE MADV = 'VATLY';
UPDATE DONVI SET TRGDV = 'NV00075' WHERE MADV = 'CNTT';
UPDATE DONVI SET TRGDV = 'NV00077' WHERE MADV = 'HOA';
UPDATE DONVI SET TRGDV = 'NV00078' WHERE MADV = 'KHKT';
UPDATE DONVI SET TRGDV = 'NV00079' WHERE MADV = 'SINH';


-- HOCPHAN
INSERT INTO HOCPHAN(MAHP, TENHP, SOTC, STLT, STTH, MADV) VALUES ('MTH00003', 'Vi tích phân 1B', 3, 45, 0, 'TOAN');
INSERT INTO HOCPHAN(MAHP, TENHP, SOTC, STLT, STTH, MADV) VALUES ('MTH00081', 'Thực hành Vi tích phân 1B', 1, 0, 30, 'TOAN');
INSERT INTO HOCPHAN(MAHP, TENHP, SOTC, STLT, STTH, MADV) VALUES ('MTH00004', 'Vi tích phân 2B', 3, 45, 0, 'TOAN');
INSERT INTO HOCPHAN(MAHP, TENHP, SOTC, STLT, STTH, MADV) VALUES ('MTH00082', 'Thực hành Vi tích phân 2B', 1, 0, 30, 'TOAN');
INSERT INTO HOCPHAN(MAHP, TENHP, SOTC, STLT, STTH, MADV) VALUES ('MTH00030', 'Đại số tuyến tính', 3, 45, 0, 'TOAN');
INSERT INTO HOCPHAN(MAHP, TENHP, SOTC, STLT, STTH, MADV) VALUES ('MTH00083', 'Thực hành Đại số tuyến tính', 1, 0, 30, 'TOAN');
INSERT INTO HOCPHAN(MAHP, TENHP, SOTC, STLT, STTH, MADV) VALUES ('MTH00040', 'Xác xuất thống kê', 3, 45, 0, 'TOAN');
INSERT INTO HOCPHAN(MAHP, TENHP, SOTC, STLT, STTH, MADV) VALUES ('MTH00085', 'Thực hành Xác xuất thống kê', 1, 0, 30, 'TOAN');
INSERT INTO HOCPHAN(MAHP, TENHP, SOTC, STLT, STTH, MADV) VALUES ('MTH00041', 'Toán rời rạc', 3, 45, 0, 'TOAN');
INSERT INTO HOCPHAN(MAHP, TENHP, SOTC, STLT, STTH, MADV) VALUES ('MTH00086', 'Thực hành Toán rời rạc', 1, 0, 30, 'TOAN');
INSERT INTO HOCPHAN(MAHP, TENHP, SOTC, STLT, STTH, MADV) VALUES ('MTH00050', 'Toán học tổ hợp', 4, 45, 30, 'TOAN');
INSERT INTO HOCPHAN(MAHP, TENHP, SOTC, STLT, STTH, MADV) VALUES ('MTH00051', 'Toán ứng dụng và thống kê', 4, 45, 30, 'TOAN');
INSERT INTO HOCPHAN(MAHP, TENHP, SOTC, STLT, STTH, MADV) VALUES ('MTH00052', 'Phương pháp tính', 4, 45, 30, 'TOAN');
INSERT INTO HOCPHAN(MAHP, TENHP, SOTC, STLT, STTH, MADV) VALUES ('MTH00053', 'Lý thuyết số', 4, 45, 30, 'TOAN');
INSERT INTO HOCPHAN(MAHP, TENHP, SOTC, STLT, STTH, MADV) VALUES ('MTH00054', 'Phép tính vị từ', 4, 45, 30, 'TOAN');


INSERT INTO HOCPHAN(MAHP, TENHP, SOTC, STLT, STTH, MADV) VALUES ('PHY00001', 'Vật lý đại cương 1', 3, 30, 0, 'VATLY');
INSERT INTO HOCPHAN(MAHP, TENHP, SOTC, STLT, STTH, MADV) VALUES ('PHY00002', 'Vật lý đại cương 2', 3, 30, 0, 'VATLY');
INSERT INTO HOCPHAN(MAHP, TENHP, SOTC, STLT, STTH, MADV) VALUES ('PHY00081', 'Thực hành Vật lý đại cương 1', 2, 0, 60, 'VATLY');
INSERT INTO HOCPHAN(MAHP, TENHP, SOTC, STLT, STTH, MADV) VALUES ('PHY00082', 'Thực hành Vật lý đại cương 2', 2, 0, 60, 'VATLY');

INSERT INTO HOCPHAN(MAHP, TENHP, SOTC, STLT, STTH, MADV) VALUES ('BIO00001', 'Sinh đại cương 1', 3, 30, 0, 'SINH');
INSERT INTO HOCPHAN(MAHP, TENHP, SOTC, STLT, STTH, MADV) VALUES ('BIO00002', 'Sinh đại cương 2', 3, 30, 0, 'SINH');
INSERT INTO HOCPHAN(MAHP, TENHP, SOTC, STLT, STTH, MADV) VALUES ('BIO00081', 'Thực hành Sinh đại cương 1', 2, 0, 60, 'SINH');
INSERT INTO HOCPHAN(MAHP, TENHP, SOTC, STLT, STTH, MADV) VALUES ('BIO00082', 'Thực hành Sinh đại cương 2', 2, 0, 60, 'SINH');

INSERT INTO HOCPHAN(MAHP, TENHP, SOTC, STLT, STTH, MADV) VALUES ('CSC10001', 'Nhập môn lâp trình', 4, 45, 30, 'CNTT');
INSERT INTO HOCPHAN(MAHP, TENHP, SOTC, STLT, STTH, MADV) VALUES ('CSC10002', 'Kỹ thuật lập trình', 4, 45, 30, 'CNTT');
INSERT INTO HOCPHAN(MAHP, TENHP, SOTC, STLT, STTH, MADV) VALUES ('CSC10003', 'Phương pháp lập trình hướng đối tượng', 4, 45, 30, 'CNTT');
INSERT INTO HOCPHAN(MAHP, TENHP, SOTC, STLT, STTH, MADV) VALUES ('CSC10004', 'Cấu trúc dữ liệu và giải thuật', 4, 45, 30, 'CNTT');
INSERT INTO HOCPHAN(MAHP, TENHP, SOTC, STLT, STTH, MADV) VALUES ('CSC10006', 'Cơ sở dữ liệu', 4, 45, 30, 'CNTT');
INSERT INTO HOCPHAN(MAHP, TENHP, SOTC, STLT, STTH, MADV) VALUES ('CSC10007', 'Hệ điều hành', 4, 45, 30, 'CNTT');
INSERT INTO HOCPHAN(MAHP, TENHP, SOTC, STLT, STTH, MADV) VALUES ('CSC10008', 'Mạng máy tính', 4, 45, 30, 'CNTT');
INSERT INTO HOCPHAN(MAHP, TENHP, SOTC, STLT, STTH, MADV) VALUES ('CSC10009', 'Hệ thống máy tính', 2, 30, 0, 'CNTT');
INSERT INTO HOCPHAN(MAHP, TENHP, SOTC, STLT, STTH, MADV) VALUES ('CSC13002', 'Nhập môn công nghệ phần mềm', 4, 45, 30, 'CNTT');
INSERT INTO HOCPHAN(MAHP, TENHP, SOTC, STLT, STTH, MADV) VALUES ('CSC14003', 'Cơ sở trí tuệ nhân tạo', 4, 45, 30, 'CNTT');



INSERT INTO HOCPHAN(MAHP, TENHP, SOTC, STLT, STTH, MADV) VALUES ('CSC00004', 'Nhập môn công nghệ thông tin', 4, 45, 30, 'CNTT');
INSERT INTO HOCPHAN(MAHP, TENHP, SOTC, STLT, STTH, MADV) VALUES ('BAA00011', 'Anh văn 1', 3, 30, 30, 'CNTT');
INSERT INTO HOCPHAN(MAHP, TENHP, SOTC, STLT, STTH, MADV) VALUES ('BAA00012', 'Anh văn 2', 3, 30, 30, 'CNTT');
INSERT INTO HOCPHAN(MAHP, TENHP, SOTC, STLT, STTH, MADV) VALUES ('BAA00013', 'Anh văn 3', 3, 30, 30, 'CNTT');
INSERT INTO HOCPHAN(MAHP, TENHP, SOTC, STLT, STTH, MADV) VALUES ('BAA00014', 'Anh văn 4', 3, 30, 30, 'CNTT');



INSERT INTO HOCPHAN(MAHP, TENHP, SOTC, STLT, STTH, MADV) VALUES ('CSC12001', 'An toàn và bảo mật dữ liệu trong hệ thống thông tin', 4, 45, 30, 'CNTT');
INSERT INTO HOCPHAN(MAHP, TENHP, SOTC, STLT, STTH, MADV) VALUES ('CSC12002', 'Cơ sở dữ liệu nâng cao', 4, 45, 30, 'CNTT');
INSERT INTO HOCPHAN(MAHP, TENHP, SOTC, STLT, STTH, MADV) VALUES ('CSC12003', 'Hệ quản trị cơ sở dữ liệu', 4, 45, 30, 'CNTT');
INSERT INTO HOCPHAN(MAHP, TENHP, SOTC, STLT, STTH, MADV) VALUES ('CSC12004', 'Phân tích thiết kế hệ thống thông tin', 4, 45, 30, 'CNTT');
INSERT INTO HOCPHAN(MAHP, TENHP, SOTC, STLT, STTH, MADV) VALUES ('CSC12005', 'Phát triển ứng dụng hệ thống thông tin hiện đại', 4, 45, 30, 'CNTT');



INSERT INTO HOCPHAN(MAHP, TENHP, SOTC, STLT, STTH, MADV) VALUES ('MTH10404', 'Lý thuyết thống kê', 3, 15, 30, 'TOAN');
INSERT INTO HOCPHAN(MAHP, TENHP, SOTC, STLT, STTH, MADV) VALUES ('MTH10405', 'Cấu trúc dữ liệu và giải thuật', 4, 45, 30, 'TOAN');
INSERT INTO HOCPHAN(MAHP, TENHP, SOTC, STLT, STTH, MADV) VALUES ('MTH10406', 'Toán rời rạc', 4, 45, 30, 'TOAN');
INSERT INTO HOCPHAN(MAHP, TENHP, SOTC, STLT, STTH, MADV) VALUES ('MTH10407', 'Lập trình hướng đối tượng', 4, 45, 30, 'TOAN');
INSERT INTO HOCPHAN(MAHP, TENHP, SOTC, STLT, STTH, MADV) VALUES ('MTH10401', 'Lý thuyết độ đo và xác suất', 4, 45, 0, 'TOAN');
INSERT INTO HOCPHAN(MAHP, TENHP, SOTC, STLT, STTH, MADV) VALUES ('MTH10402', 'Đại số A2', 4, 45, 30, 'TOAN');
INSERT INTO HOCPHAN(MAHP, TENHP, SOTC, STLT, STTH, MADV) VALUES ('MTH10403', 'Giải tích hàm', 4, 45, 0, 'TOAN');
INSERT INTO HOCPHAN(MAHP, TENHP, SOTC, STLT, STTH, MADV) VALUES ('MTH11010', 'Phương pháp giảng dạy toán 1', 3, 30, 30, 'TOAN');
INSERT INTO HOCPHAN(MAHP, TENHP, SOTC, STLT, STTH, MADV) VALUES ('MTH11011', 'Phương pháp giảng dạy toán 2', 3, 30, 30, 'TOAN');


-- MOMON
conn AdminPdb/123@localhost:1521/PDB;

-- Môn MTH00003 (Vi tích phân 1B)
INSERT INTO MOMON (MAMM, MAHP, MAGV, HK, NAM) VALUES ('MTH00003_1_2024', 'MTH00003', 'NV00001', 1, 2024);
INSERT INTO MOMON (MAMM, MAHP, MAGV, HK, NAM) VALUES ('MTH00003_2_2024', 'MTH00003', 'NV00002', 2, 2024);
INSERT INTO MOMON (MAMM, MAHP, MAGV, HK, NAM) VALUES ('MTH00003_3_2024', 'MTH00003', 'NV00003', 3, 2024);
INSERT INTO MOMON (MAMM, MAHP, MAGV, HK, NAM) VALUES ('MTH00003_1_2025', 'MTH00003', 'NV00004', 1, 2025);
INSERT INTO MOMON (MAMM, MAHP, MAGV, HK, NAM) VALUES ('MTH00003_2_2025', 'MTH00003', 'NV00005', 2, 2025);
INSERT INTO MOMON (MAMM, MAHP, MAGV, HK, NAM) VALUES ('MTH00003_3_2025', 'MTH00003', 'NV00006', 3, 2025);
INSERT INTO MOMON (MAMM, MAHP, MAGV, HK, NAM) VALUES ('MTH00003_1_2026', 'MTH00003', 'NV00007', 1, 2026);
INSERT INTO MOMON (MAMM, MAHP, MAGV, HK, NAM) VALUES ('MTH00003_2_2026', 'MTH00003', 'NV00008', 2, 2026);

-- Môn MTH00081 (Thực hành Vi tích phân 1B)
INSERT INTO MOMON (MAMM, MAHP, MAGV, HK, NAM) VALUES ('MTH00081_1_2024', 'MTH00081', 'NV00009', 1, 2024);
INSERT INTO MOMON (MAMM, MAHP, MAGV, HK, NAM) VALUES ('MTH00081_2_2024', 'MTH00081', 'NV00010', 2, 2024);
INSERT INTO MOMON (MAMM, MAHP, MAGV, HK, NAM) VALUES ('MTH00081_3_2024', 'MTH00081', 'NV00011', 3, 2024);
INSERT INTO MOMON (MAMM, MAHP, MAGV, HK, NAM) VALUES ('MTH00081_1_2025', 'MTH00081', 'NV00012', 1, 2025);
INSERT INTO MOMON (MAMM, MAHP, MAGV, HK, NAM) VALUES ('MTH00081_2_2025', 'MTH00081', 'NV00013', 2, 2025);
INSERT INTO MOMON (MAMM, MAHP, MAGV, HK, NAM) VALUES ('MTH00081_3_2025', 'MTH00081', 'NV00014', 3, 2025);
INSERT INTO MOMON (MAMM, MAHP, MAGV, HK, NAM) VALUES ('MTH00081_1_2026', 'MTH00081', 'NV00015', 1, 2026);
INSERT INTO MOMON (MAMM, MAHP, MAGV, HK, NAM) VALUES ('MTH00081_2_2026', 'MTH00081', 'NV00016', 2, 2026);

-- Môn CSC10001 (Nhập môn lập trình)
INSERT INTO MOMON (MAMM, MAHP, MAGV, HK, NAM) VALUES ('CSC10001_1_2024', 'CSC10001', 'NV00017', 1, 2024);
INSERT INTO MOMON (MAMM, MAHP, MAGV, HK, NAM) VALUES ('CSC10001_2_2024', 'CSC10001', 'NV00018', 2, 2024);
INSERT INTO MOMON (MAMM, MAHP, MAGV, HK, NAM) VALUES ('CSC10001_3_2024', 'CSC10001', 'NV00019', 3, 2024);
INSERT INTO MOMON (MAMM, MAHP, MAGV, HK, NAM) VALUES ('CSC10001_1_2025', 'CSC10001', 'NV00020', 1, 2025);
INSERT INTO MOMON (MAMM, MAHP, MAGV, HK, NAM) VALUES ('CSC10001_2_2025', 'CSC10001', 'NV00021', 2, 2025);
INSERT INTO MOMON (MAMM, MAHP, MAGV, HK, NAM) VALUES ('CSC10001_3_2025', 'CSC10001', 'NV00022', 3, 2025);
INSERT INTO MOMON (MAMM, MAHP, MAGV, HK, NAM) VALUES ('CSC10001_1_2026', 'CSC10001', 'NV00023', 1, 2026);
INSERT INTO MOMON (MAMM, MAHP, MAGV, HK, NAM) VALUES ('CSC10001_2_2026', 'CSC10001', 'NV00024', 2, 2026);

-- REM INSERTING into "ADMINPDB"."SINHVIEN"
-- conn AdminPdb/123@localhost:1521/PDB;

Insert into "ADMINPDB"."SINHVIEN" (MASV,HOTEN,PHAI,NGSINH,DCHI,DT,KHOA,TINHTRANG) values ('20A536166','Bùi Thị Dũng','0',to_date('02/09/03','DD/MM/RR'),'Q.1, TP.HCM','0243119698','CNTT','Đã tốt nghiệp');
Insert into "ADMINPDB"."SINHVIEN" (MASV,HOTEN,PHAI,NGSINH,DCHI,DT,KHOA,TINHTRANG) values ('20A864352','Hoàng Thị Phúc','1',to_date('23/10/05','DD/MM/RR'),'TP. Đà Nẵng','0855307196','VATLY','Đã tốt nghiệp');
Insert into "ADMINPDB"."SINHVIEN" (MASV,HOTEN,PHAI,NGSINH,DCHI,DT,KHOA,TINHTRANG) values ('20A475349','Bùi Ngọc Dũng','0',to_date('01/08/00','DD/MM/RR'),'Q.10, TP.HCM','0721855380','VATLY','Bảo lưu kết quả học tập');
Insert into "ADMINPDB"."SINHVIEN" (MASV,HOTEN,PHAI,NGSINH,DCHI,DT,KHOA,TINHTRANG) values ('20A110584','Vũ Minh Nam','1',to_date('08/07/03','DD/MM/RR'),'Q.3, TP.HCM','0516666687','HOA','Bảo lưu kết quả học tập');
Insert into "ADMINPDB"."SINHVIEN" (MASV,HOTEN,PHAI,NGSINH,DCHI,DT,KHOA,TINHTRANG) values ('20A921624','Phạm Minh Dũng','1',to_date('05/02/05','DD/MM/RR'),'TP. Thủ Đức','0515056651','TOAN','Đã tốt nghiệp');
Insert into "ADMINPDB"."SINHVIEN" (MASV,HOTEN,PHAI,NGSINH,DCHI,DT,KHOA,TINHTRANG) values ('20A355087','Phan Gia Hà','0',to_date('19/02/06','DD/MM/RR'),'TP. Hà Nội','0943604938','VATLY','Đang học');
Insert into "ADMINPDB"."SINHVIEN" (MASV,HOTEN,PHAI,NGSINH,DCHI,DT,KHOA,TINHTRANG) values ('20A135403','Hoàng Hữu Hương','0',to_date('21/06/00','DD/MM/RR'),'Q.10, TP.HCM','0199236171','HOA','Đã tốt nghiệp');
Insert into "ADMINPDB"."SINHVIEN" (MASV,HOTEN,PHAI,NGSINH,DCHI,DT,KHOA,TINHTRANG) values ('20A178637','Phạm Gia Châu','1',to_date('28/09/04','DD/MM/RR'),'TP. Thủ Đức','0426663612','TOAN','Đang học');
Insert into "ADMINPDB"."SINHVIEN" (MASV,HOTEN,PHAI,NGSINH,DCHI,DT,KHOA,TINHTRANG) values ('20A483012','Hoàng Thị Hà','1',to_date('18/02/02','DD/MM/RR'),'Q.10, TP.HCM','0437445990','VATLY','Đã thôi học');
Insert into "ADMINPDB"."SINHVIEN" (MASV,HOTEN,PHAI,NGSINH,DCHI,DT,KHOA,TINHTRANG) values ('20A269894','Phan Hữu Nam','0',to_date('02/06/03','DD/MM/RR'),'Q.5, TP.HCM','0393566050','KHKT','Đã tốt nghiệp');
Insert into "ADMINPDB"."SINHVIEN" (MASV,HOTEN,PHAI,NGSINH,DCHI,DT,KHOA,TINHTRANG) values ('20A226885','Lê Minh Khánh','0',to_date('13/01/07','DD/MM/RR'),'Q.10, TP.HCM','0747037143','HOA','Bảo lưu kết quả học tập');
Insert into "ADMINPDB"."SINHVIEN" (MASV,HOTEN,PHAI,NGSINH,DCHI,DT,KHOA,TINHTRANG) values ('20A353214','Lê Anh Dũng','1',to_date('26/11/06','DD/MM/RR'),'TP. Đà Nẵng','0837339503','SINH','Đã tốt nghiệp');
Insert into "ADMINPDB"."SINHVIEN" (MASV,HOTEN,PHAI,NGSINH,DCHI,DT,KHOA,TINHTRANG) values ('20A136068','Vũ Minh Khánh','0',to_date('01/07/03','DD/MM/RR'),'TP. Cần Thơ','0248745173','TOAN','Đã thôi học');
Insert into "ADMINPDB"."SINHVIEN" (MASV,HOTEN,PHAI,NGSINH,DCHI,DT,KHOA,TINHTRANG) values ('20A928456','Phạm Văn Bình','1',to_date('12/11/00','DD/MM/RR'),'Q.3, TP.HCM','0934658575','HOA','Đang học');
Insert into "ADMINPDB"."SINHVIEN" (MASV,HOTEN,PHAI,NGSINH,DCHI,DT,KHOA,TINHTRANG) values ('20A848927','Nguyễn Văn Phúc','1',to_date('09/10/05','DD/MM/RR'),'Q.1, TP.HCM','0944025116','KHKT','Đã tốt nghiệp');
Insert into "ADMINPDB"."SINHVIEN" (MASV,HOTEN,PHAI,NGSINH,DCHI,DT,KHOA,TINHTRANG) values ('20A592848','Hoàng Ngọc Trang','0',to_date('12/05/04','DD/MM/RR'),'TP. Hà Nội','0529332369','VATLY','Đã thôi học');
Insert into "ADMINPDB"."SINHVIEN" (MASV,HOTEN,PHAI,NGSINH,DCHI,DT,KHOA,TINHTRANG) values ('20A264688','Hoàng Anh Châu','0',to_date('24/02/05','DD/MM/RR'),'Q.5, TP.HCM','0192240853','CNTT','Đang học');
Insert into "ADMINPDB"."SINHVIEN" (MASV,HOTEN,PHAI,NGSINH,DCHI,DT,KHOA,TINHTRANG) values ('20A408938','Vũ Anh An','1',to_date('03/02/06','DD/MM/RR'),'Q.3, TP.HCM','0688031092','SINH','Đã thôi học');
Insert into "ADMINPDB"."SINHVIEN" (MASV,HOTEN,PHAI,NGSINH,DCHI,DT,KHOA,TINHTRANG) values ('20A884050','Vũ Anh Khánh','0',to_date('24/07/01','DD/MM/RR'),'TP. Biên Hòa','0455319238','TOAN','Đã thôi học');
Insert into "ADMINPDB"."SINHVIEN" (MASV,HOTEN,PHAI,NGSINH,DCHI,DT,KHOA,TINHTRANG) values ('20A426151','Bùi Ngọc Dũng','1',to_date('24/09/03','DD/MM/RR'),'TP. Đà Nẵng','0810757069','TOAN','Đã tốt nghiệp');
Insert into "ADMINPDB"."SINHVIEN" (MASV,HOTEN,PHAI,NGSINH,DCHI,DT,KHOA,TINHTRANG) values ('20A126102','Lê Ngọc Dũng','1',to_date('13/09/05','DD/MM/RR'),'Q.3, TP.HCM','0709788629','VATLY','Bảo lưu kết quả học tập');
Insert into "ADMINPDB"."SINHVIEN" (MASV,HOTEN,PHAI,NGSINH,DCHI,DT,KHOA,TINHTRANG) values ('20A452616','Hoàng Gia Khánh','0',to_date('12/05/00','DD/MM/RR'),'TP. Vũng Tàu','0121803248','VATLY','Bảo lưu kết quả học tập');
Insert into "ADMINPDB"."SINHVIEN" (MASV,HOTEN,PHAI,NGSINH,DCHI,DT,KHOA,TINHTRANG) values ('20A688411','Phan Anh Hà','1',to_date('15/06/04','DD/MM/RR'),'TP. Thủ Đức','0793519947','SINH','Đã tốt nghiệp');
Insert into "ADMINPDB"."SINHVIEN" (MASV,HOTEN,PHAI,NGSINH,DCHI,DT,KHOA,TINHTRANG) values ('20A996000','Bùi Hữu Hà','0',to_date('13/09/05','DD/MM/RR'),'TP. Đà Nẵng','0289597211','KHKT','Đang học');
Insert into "ADMINPDB"."SINHVIEN" (MASV,HOTEN,PHAI,NGSINH,DCHI,DT,KHOA,TINHTRANG) values ('20A746642','Trần Văn Hương','0',to_date('23/12/06','DD/MM/RR'),'Q.3, TP.HCM','0953203146','SINH','Đã tốt nghiệp');
Insert into "ADMINPDB"."SINHVIEN" (MASV,HOTEN,PHAI,NGSINH,DCHI,DT,KHOA,TINHTRANG) values ('20A350276','Hoàng Ngọc Nam','1',to_date('27/09/06','DD/MM/RR'),'TP. Biên Hòa','0996151818','VATLY','Đang học');
Insert into "ADMINPDB"."SINHVIEN" (MASV,HOTEN,PHAI,NGSINH,DCHI,DT,KHOA,TINHTRANG) values ('20A193373','Phan Gia Châu','1',to_date('27/12/02','DD/MM/RR'),'Q.10, TP.HCM','0839459822','KHKT','Bảo lưu kết quả học tập');
Insert into "ADMINPDB"."SINHVIEN" (MASV,HOTEN,PHAI,NGSINH,DCHI,DT,KHOA,TINHTRANG) values ('20A304840','Lê Gia An','1',to_date('14/02/06','DD/MM/RR'),'TP. Cần Thơ','0513668990','VATLY','Đã thôi học');
Insert into "ADMINPDB"."SINHVIEN" (MASV,HOTEN,PHAI,NGSINH,DCHI,DT,KHOA,TINHTRANG) values ('20A662618','Vũ Văn Linh','0',to_date('11/04/02','DD/MM/RR'),'Q.5, TP.HCM','0349026929','HOA','Bảo lưu kết quả học tập');
Insert into "ADMINPDB"."SINHVIEN" (MASV,HOTEN,PHAI,NGSINH,DCHI,DT,KHOA,TINHTRANG) values ('20A962787','Bùi Anh Hà','0',to_date('17/05/05','DD/MM/RR'),'Q.3, TP.HCM','0376161550','KHKT','Đã tốt nghiệp');
Insert into "ADMINPDB"."SINHVIEN" (MASV,HOTEN,PHAI,NGSINH,DCHI,DT,KHOA,TINHTRANG) values ('20A858099','Bùi Gia Linh','1',to_date('13/09/03','DD/MM/RR'),'TP. Hà Nội','0504506043','TOAN','Đang học');
Insert into "ADMINPDB"."SINHVIEN" (MASV,HOTEN,PHAI,NGSINH,DCHI,DT,KHOA,TINHTRANG) values ('20A879801','Bùi Thị Tú','0',to_date('31/01/05','DD/MM/RR'),'Q.3, TP.HCM','0341319572','TOAN','Đã thôi học');
Insert into "ADMINPDB"."SINHVIEN" (MASV,HOTEN,PHAI,NGSINH,DCHI,DT,KHOA,TINHTRANG) values ('20A320934','Trần Ngọc Nam','1',to_date('27/05/06','DD/MM/RR'),'Q.3, TP.HCM','0711260367','VATLY','Đang học');
Insert into "ADMINPDB"."SINHVIEN" (MASV,HOTEN,PHAI,NGSINH,DCHI,DT,KHOA,TINHTRANG) values ('20A944169','Đặng Thị Phúc','0',to_date('15/03/01','DD/MM/RR'),'Q.1, TP.HCM','0725164468','VATLY','Bảo lưu kết quả học tập');
Insert into "ADMINPDB"."SINHVIEN" (MASV,HOTEN,PHAI,NGSINH,DCHI,DT,KHOA,TINHTRANG) values ('20A720196','Lê Văn Châu','0',to_date('26/09/05','DD/MM/RR'),'TP. Cần Thơ','0830556367','VATLY','Đang học');
Insert into "ADMINPDB"."SINHVIEN" (MASV,HOTEN,PHAI,NGSINH,DCHI,DT,KHOA,TINHTRANG) values ('20A273588','Phan Minh Tú','1',to_date('04/05/02','DD/MM/RR'),'TP. Cần Thơ','0879000782','SINH','Bảo lưu kết quả học tập');
Insert into "ADMINPDB"."SINHVIEN" (MASV,HOTEN,PHAI,NGSINH,DCHI,DT,KHOA,TINHTRANG) values ('20A171291','Hoàng Gia Hương','0',to_date('25/01/06','DD/MM/RR'),'Q.10, TP.HCM','0235010462','KHKT','Đang học');
Insert into "ADMINPDB"."SINHVIEN" (MASV,HOTEN,PHAI,NGSINH,DCHI,DT,KHOA,TINHTRANG) values ('20A428312','Trần Gia Dũng','0',to_date('05/12/05','DD/MM/RR'),'TP. Thủ Đức','0378096457','HOA','Đã thôi học');
Insert into "ADMINPDB"."SINHVIEN" (MASV,HOTEN,PHAI,NGSINH,DCHI,DT,KHOA,TINHTRANG) values ('20A661922','Lê Thị Phúc','1',to_date('21/06/03','DD/MM/RR'),'TP. Hà Nội','0102926227','HOA','Đã thôi học');
Insert into "ADMINPDB"."SINHVIEN" (MASV,HOTEN,PHAI,NGSINH,DCHI,DT,KHOA,TINHTRANG) values ('20A736173','Phạm Thị Nam','1',to_date('03/07/04','DD/MM/RR'),'Q.10, TP.HCM','0853049419','HOA','Đang học');
Insert into "ADMINPDB"."SINHVIEN" (MASV,HOTEN,PHAI,NGSINH,DCHI,DT,KHOA,TINHTRANG) values ('20A712542','Đặng Ngọc Khánh','0',to_date('26/09/02','DD/MM/RR'),'Q.5, TP.HCM','0654905654','VATLY','Bảo lưu kết quả học tập');
Insert into "ADMINPDB"."SINHVIEN" (MASV,HOTEN,PHAI,NGSINH,DCHI,DT,KHOA,TINHTRANG) values ('20A957253','Đặng Hữu Dũng','1',to_date('07/08/02','DD/MM/RR'),'TP. Cần Thơ','0644592133','KHKT','Đã tốt nghiệp');
Insert into "ADMINPDB"."SINHVIEN" (MASV,HOTEN,PHAI,NGSINH,DCHI,DT,KHOA,TINHTRANG) values ('20A313462','Trần Gia Quân','0',to_date('13/07/01','DD/MM/RR'),'TP. Đà Nẵng','0708379025','HOA','Đã thôi học');
Insert into "ADMINPDB"."SINHVIEN" (MASV,HOTEN,PHAI,NGSINH,DCHI,DT,KHOA,TINHTRANG) values ('20A658238','Vũ Anh Linh','0',to_date('08/09/00','DD/MM/RR'),'TP. Đà Nẵng','0158617967','CNTT','Đã tốt nghiệp');
Insert into "ADMINPDB"."SINHVIEN" (MASV,HOTEN,PHAI,NGSINH,DCHI,DT,KHOA,TINHTRANG) values ('20A462200','Đặng Anh Hà','0',to_date('08/02/02','DD/MM/RR'),'Q.10, TP.HCM','0891228357','HOA','Đang học');
Insert into "ADMINPDB"."SINHVIEN" (MASV,HOTEN,PHAI,NGSINH,DCHI,DT,KHOA,TINHTRANG) values ('20A311347','Phạm Ngọc Linh','0',to_date('26/02/04','DD/MM/RR'),'TP. Biên Hòa','0232842358','TOAN','Bảo lưu kết quả học tập');
Insert into "ADMINPDB"."SINHVIEN" (MASV,HOTEN,PHAI,NGSINH,DCHI,DT,KHOA,TINHTRANG) values ('20A708662','Nguyễn Gia Nam','1',to_date('10/11/06','DD/MM/RR'),'TP. Đà Nẵng','0245402686','TOAN','Đã thôi học');
Insert into "ADMINPDB"."SINHVIEN" (MASV,HOTEN,PHAI,NGSINH,DCHI,DT,KHOA,TINHTRANG) values ('20A803408','Nguyễn Minh Tú','1',to_date('11/10/04','DD/MM/RR'),'Q.3, TP.HCM','0570982778','VATLY','Đang học');
Insert into "ADMINPDB"."SINHVIEN" (MASV,HOTEN,PHAI,NGSINH,DCHI,DT,KHOA,TINHTRANG) values ('20A969025','Bùi Hữu Bình','1',to_date('08/11/04','DD/MM/RR'),'TP. Biên Hòa','0971369851','VATLY','Đã tốt nghiệp');
Insert into "ADMINPDB"."SINHVIEN" (MASV,HOTEN,PHAI,NGSINH,DCHI,DT,KHOA,TINHTRANG) values ('20A480598','Bùi Anh Hương','0',to_date('11/01/04','DD/MM/RR'),'TP. Thủ Đức','0923710655','TOAN','Đã thôi học');
Insert into "ADMINPDB"."SINHVIEN" (MASV,HOTEN,PHAI,NGSINH,DCHI,DT,KHOA,TINHTRANG) values ('20A344064','Lê Hữu Nam','1',to_date('22/03/02','DD/MM/RR'),'TP. Biên Hòa','0813495764','TOAN','Đã thôi học');
Insert into "ADMINPDB"."SINHVIEN" (MASV,HOTEN,PHAI,NGSINH,DCHI,DT,KHOA,TINHTRANG) values ('20A106475','Nguyễn Văn An','0',to_date('14/04/03','DD/MM/RR'),'TP. Đà Nẵng','0667827373','KHKT','Đang học');
Insert into "ADMINPDB"."SINHVIEN" (MASV,HOTEN,PHAI,NGSINH,DCHI,DT,KHOA,TINHTRANG) values ('20A754483','Phan Anh Bình','1',to_date('05/04/05','DD/MM/RR'),'Q.3, TP.HCM','0239400023','SINH','Đang học');
Insert into "ADMINPDB"."SINHVIEN" (MASV,HOTEN,PHAI,NGSINH,DCHI,DT,KHOA,TINHTRANG) values ('20A251602','Hoàng Thị Nam','0',to_date('04/03/04','DD/MM/RR'),'Q.3, TP.HCM','0366937454','VATLY','Bảo lưu kết quả học tập');
Insert into "ADMINPDB"."SINHVIEN" (MASV,HOTEN,PHAI,NGSINH,DCHI,DT,KHOA,TINHTRANG) values ('20A701535','Đặng Hữu Linh','1',to_date('22/10/05','DD/MM/RR'),'TP. Biên Hòa','0547612259','VATLY','Đang học');
Insert into "ADMINPDB"."SINHVIEN" (MASV,HOTEN,PHAI,NGSINH,DCHI,DT,KHOA,TINHTRANG) values ('20A560593','Hoàng Minh Dũng','1',to_date('28/03/03','DD/MM/RR'),'Q.1, TP.HCM','0366277813','CNTT','Đã tốt nghiệp');
Insert into "ADMINPDB"."SINHVIEN" (MASV,HOTEN,PHAI,NGSINH,DCHI,DT,KHOA,TINHTRANG) values ('20A889566','Vũ Ngọc Dũng','0',to_date('19/03/05','DD/MM/RR'),'TP. Cần Thơ','0639585658','SINH','Đang học');
Insert into "ADMINPDB"."SINHVIEN" (MASV,HOTEN,PHAI,NGSINH,DCHI,DT,KHOA,TINHTRANG) values ('20A709942','Bùi Gia An','1',to_date('14/10/04','DD/MM/RR'),'TP. Thủ Đức','0727466310','HOA','Đã thôi học');
Insert into "ADMINPDB"."SINHVIEN" (MASV,HOTEN,PHAI,NGSINH,DCHI,DT,KHOA,TINHTRANG) values ('20A270967','Vũ Thị Nam','1',to_date('12/07/01','DD/MM/RR'),'Q.1, TP.HCM','0445466817','HOA','Đang học');
Insert into "ADMINPDB"."SINHVIEN" (MASV,HOTEN,PHAI,NGSINH,DCHI,DT,KHOA,TINHTRANG) values ('20A679370','Phan Gia Nam','0',to_date('13/01/04','DD/MM/RR'),'TP. Cần Thơ','0507169609','SINH','Đã thôi học');
Insert into "ADMINPDB"."SINHVIEN" (MASV,HOTEN,PHAI,NGSINH,DCHI,DT,KHOA,TINHTRANG) values ('20A283132','Bùi Hữu Khánh','0',to_date('03/10/04','DD/MM/RR'),'Q.3, TP.HCM','0983330661','TOAN','Đã tốt nghiệp');
Insert into "ADMINPDB"."SINHVIEN" (MASV,HOTEN,PHAI,NGSINH,DCHI,DT,KHOA,TINHTRANG) values ('20A957106','Bùi Thị Châu','1',to_date('26/07/06','DD/MM/RR'),'TP. Đà Nẵng','0234114059','TOAN','Đang học');
Insert into "ADMINPDB"."SINHVIEN" (MASV,HOTEN,PHAI,NGSINH,DCHI,DT,KHOA,TINHTRANG) values ('20A291530','Hoàng Ngọc Vy','0',to_date('29/10/04','DD/MM/RR'),'TP. Cần Thơ','0789137283','KHKT','Bảo lưu kết quả học tập');
Insert into "ADMINPDB"."SINHVIEN" (MASV,HOTEN,PHAI,NGSINH,DCHI,DT,KHOA,TINHTRANG) values ('20A607392','Vũ Hữu Vy','0',to_date('17/06/01','DD/MM/RR'),'Q.3, TP.HCM','0709814965','HOA','Đang học');
Insert into "ADMINPDB"."SINHVIEN" (MASV,HOTEN,PHAI,NGSINH,DCHI,DT,KHOA,TINHTRANG) values ('20A603756','Phan Anh Dũng','1',to_date('21/12/02','DD/MM/RR'),'Q.1, TP.HCM','0222710039','CNTT','Đã thôi học');
Insert into "ADMINPDB"."SINHVIEN" (MASV,HOTEN,PHAI,NGSINH,DCHI,DT,KHOA,TINHTRANG) values ('20A129065','Phan Anh Châu','1',to_date('08/10/02','DD/MM/RR'),'TP. Hà Nội','0207879336','VATLY','Đã tốt nghiệp');
Insert into "ADMINPDB"."SINHVIEN" (MASV,HOTEN,PHAI,NGSINH,DCHI,DT,KHOA,TINHTRANG) values ('20A492271','Lê Văn Hà','0',to_date('14/11/04','DD/MM/RR'),'Q.3, TP.HCM','0259224140','HOA','Đã thôi học');
Insert into "ADMINPDB"."SINHVIEN" (MASV,HOTEN,PHAI,NGSINH,DCHI,DT,KHOA,TINHTRANG) values ('20A546018','Đặng Minh Vy','1',to_date('21/09/05','DD/MM/RR'),'Q.10, TP.HCM','0450361967','KHKT','Đã tốt nghiệp');
Insert into "ADMINPDB"."SINHVIEN" (MASV,HOTEN,PHAI,NGSINH,DCHI,DT,KHOA,TINHTRANG) values ('20A319466','Nguyễn Thị Trang','1',to_date('20/08/00','DD/MM/RR'),'TP. Biên Hòa','0758113087','TOAN','Đang học');
Insert into "ADMINPDB"."SINHVIEN" (MASV,HOTEN,PHAI,NGSINH,DCHI,DT,KHOA,TINHTRANG) values ('20A224215','Đặng Gia Trang','1',to_date('19/04/00','DD/MM/RR'),'Q.1, TP.HCM','0413912442','HOA','Đã thôi học');
Insert into "ADMINPDB"."SINHVIEN" (MASV,HOTEN,PHAI,NGSINH,DCHI,DT,KHOA,TINHTRANG) values ('20A355384','Phạm Gia Dũng','1',to_date('21/04/01','DD/MM/RR'),'TP. Biên Hòa','0766981911','KHKT','Đã tốt nghiệp');
Insert into "ADMINPDB"."SINHVIEN" (MASV,HOTEN,PHAI,NGSINH,DCHI,DT,KHOA,TINHTRANG) values ('20A209408','Vũ Ngọc Hà','1',to_date('11/09/02','DD/MM/RR'),'Q.1, TP.HCM','0880474471','VATLY','Đang học');
Insert into "ADMINPDB"."SINHVIEN" (MASV,HOTEN,PHAI,NGSINH,DCHI,DT,KHOA,TINHTRANG) values ('20A501489','Phan Thị Linh','1',to_date('11/03/06','DD/MM/RR'),'TP. Hà Nội','0188224715','SINH','Bảo lưu kết quả học tập');
Insert into "ADMINPDB"."SINHVIEN" (MASV,HOTEN,PHAI,NGSINH,DCHI,DT,KHOA,TINHTRANG) values ('20A776144','Hoàng Hữu An','0',to_date('13/02/01','DD/MM/RR'),'Q.10, TP.HCM','0271855215','HOA','Đã tốt nghiệp');
Insert into "ADMINPDB"."SINHVIEN" (MASV,HOTEN,PHAI,NGSINH,DCHI,DT,KHOA,TINHTRANG) values ('20A664297','Lê Gia Hà','1',to_date('01/06/01','DD/MM/RR'),'TP. Cần Thơ','0450442661','HOA','Đã tốt nghiệp');
Insert into "ADMINPDB"."SINHVIEN" (MASV,HOTEN,PHAI,NGSINH,DCHI,DT,KHOA,TINHTRANG) values ('20A452414','Bùi Anh Linh','0',to_date('02/02/05','DD/MM/RR'),'Q.1, TP.HCM','0654729138','TOAN','Bảo lưu kết quả học tập');
Insert into "ADMINPDB"."SINHVIEN" (MASV,HOTEN,PHAI,NGSINH,DCHI,DT,KHOA,TINHTRANG) values ('20A707874','Lê Thị Linh','1',to_date('13/02/01','DD/MM/RR'),'TP. Vũng Tàu','0202003141','SINH','Đã tốt nghiệp');
Insert into "ADMINPDB"."SINHVIEN" (MASV,HOTEN,PHAI,NGSINH,DCHI,DT,KHOA,TINHTRANG) values ('20A782985','Nguyễn Văn Hương','0',to_date('18/06/03','DD/MM/RR'),'TP. Biên Hòa','0761558218','HOA','Đã tốt nghiệp');
Insert into "ADMINPDB"."SINHVIEN" (MASV,HOTEN,PHAI,NGSINH,DCHI,DT,KHOA,TINHTRANG) values ('20A238247','Nguyễn Gia Dũng','0',to_date('20/12/05','DD/MM/RR'),'TP. Đà Nẵng','0125944343','HOA','Đã thôi học');
Insert into "ADMINPDB"."SINHVIEN" (MASV,HOTEN,PHAI,NGSINH,DCHI,DT,KHOA,TINHTRANG) values ('20A565645','Bùi Văn Khánh','1',to_date('27/06/00','DD/MM/RR'),'TP. Thủ Đức','0578094473','CNTT','Đã thôi học');
Insert into "ADMINPDB"."SINHVIEN" (MASV,HOTEN,PHAI,NGSINH,DCHI,DT,KHOA,TINHTRANG) values ('20A593644','Nguyễn Văn Quân','1',to_date('16/09/04','DD/MM/RR'),'Q.5, TP.HCM','0826752243','KHKT','Đã tốt nghiệp');
Insert into "ADMINPDB"."SINHVIEN" (MASV,HOTEN,PHAI,NGSINH,DCHI,DT,KHOA,TINHTRANG) values ('20A658798','Trần Minh Hương','1',to_date('14/02/07','DD/MM/RR'),'TP. Biên Hòa','0220176021','VATLY','Bảo lưu kết quả học tập');
Insert into "ADMINPDB"."SINHVIEN" (MASV,HOTEN,PHAI,NGSINH,DCHI,DT,KHOA,TINHTRANG) values ('20A728108','Phạm Thị Hà','1',to_date('08/09/00','DD/MM/RR'),'Q.10, TP.HCM','0977380185','KHKT','Đã thôi học');
Insert into "ADMINPDB"."SINHVIEN" (MASV,HOTEN,PHAI,NGSINH,DCHI,DT,KHOA,TINHTRANG) values ('20A768318','Nguyễn Thị Phúc','1',to_date('24/05/05','DD/MM/RR'),'TP. Hà Nội','0327920377','TOAN','Đã tốt nghiệp');
Insert into "ADMINPDB"."SINHVIEN" (MASV,HOTEN,PHAI,NGSINH,DCHI,DT,KHOA,TINHTRANG) values ('20A488686','Đặng Anh Tú','1',to_date('02/04/05','DD/MM/RR'),'Q.5, TP.HCM','0801811223','VATLY','Đang học');
Insert into "ADMINPDB"."SINHVIEN" (MASV,HOTEN,PHAI,NGSINH,DCHI,DT,KHOA,TINHTRANG) values ('20A101132','Nguyễn Văn Hà','0',to_date('19/06/01','DD/MM/RR'),'Q.3, TP.HCM','0796859633','VATLY','Đã tốt nghiệp');
Insert into "ADMINPDB"."SINHVIEN" (MASV,HOTEN,PHAI,NGSINH,DCHI,DT,KHOA,TINHTRANG) values ('20A499847','Bùi Minh Hà','1',to_date('25/06/06','DD/MM/RR'),'TP. Đà Nẵng','0377687586','CNTT','Đã thôi học');
Insert into "ADMINPDB"."SINHVIEN" (MASV,HOTEN,PHAI,NGSINH,DCHI,DT,KHOA,TINHTRANG) values ('20A855679','Vũ Minh Dũng','1',to_date('24/04/05','DD/MM/RR'),'TP. Đà Nẵng','0159997715','CNTT','Đã thôi học');
Insert into "ADMINPDB"."SINHVIEN" (MASV,HOTEN,PHAI,NGSINH,DCHI,DT,KHOA,TINHTRANG) values ('20A172422','Vũ Hữu Nam','1',to_date('03/02/07','DD/MM/RR'),'Q.1, TP.HCM','0836425350','TOAN','Đã thôi học');
Insert into "ADMINPDB"."SINHVIEN" (MASV,HOTEN,PHAI,NGSINH,DCHI,DT,KHOA,TINHTRANG) values ('20A346031','Hoàng Thị An','1',to_date('06/12/02','DD/MM/RR'),'TP. Hà Nội','0968351787','TOAN','Đang học');
Insert into "ADMINPDB"."SINHVIEN" (MASV,HOTEN,PHAI,NGSINH,DCHI,DT,KHOA,TINHTRANG) values ('20A636598','Trần Thị Nam','0',to_date('20/11/06','DD/MM/RR'),'TP. Biên Hòa','0557181390','CNTT','Đang học');
Insert into "ADMINPDB"."SINHVIEN" (MASV,HOTEN,PHAI,NGSINH,DCHI,DT,KHOA,TINHTRANG) values ('20A568746','Bùi Văn Khánh','1',to_date('12/02/03','DD/MM/RR'),'TP. Cần Thơ','0192370318','VATLY','Đã thôi học');
Insert into "ADMINPDB"."SINHVIEN" (MASV,HOTEN,PHAI,NGSINH,DCHI,DT,KHOA,TINHTRANG) values ('20A232316','Phạm Anh Vy','0',to_date('01/11/05','DD/MM/RR'),'Q.3, TP.HCM','0834359173','TOAN','Bảo lưu kết quả học tập');
Insert into "ADMINPDB"."SINHVIEN" (MASV,HOTEN,PHAI,NGSINH,DCHI,DT,KHOA,TINHTRANG) values ('20A332777','Vũ Hữu Châu','1',to_date('10/09/00','DD/MM/RR'),'Q.5, TP.HCM','0737108251','VATLY','Đang học');
Insert into "ADMINPDB"."SINHVIEN" (MASV,HOTEN,PHAI,NGSINH,DCHI,DT,KHOA,TINHTRANG) values ('20A892641','Trần Văn Phúc','1',to_date('05/02/04','DD/MM/RR'),'TP. Hà Nội','0138352557','HOA','Đã tốt nghiệp');
Insert into "ADMINPDB"."SINHVIEN" (MASV,HOTEN,PHAI,NGSINH,DCHI,DT,KHOA,TINHTRANG) values ('20A137165','Vũ Ngọc Hương','0',to_date('23/07/01','DD/MM/RR'),'Q.10, TP.HCM','0917146618','CNTT','Đã thôi học');
Insert into "ADMINPDB"."SINHVIEN" (MASV,HOTEN,PHAI,NGSINH,DCHI,DT,KHOA,TINHTRANG) values ('20A991249','Trần Văn Linh','1',to_date('20/02/06','DD/MM/RR'),'Q.5, TP.HCM','0498546751','VATLY','Đã thôi học');
Insert into "ADMINPDB"."SINHVIEN" (MASV,HOTEN,PHAI,NGSINH,DCHI,DT,KHOA,TINHTRANG) values ('20A143318','Vũ Văn Quân','1',to_date('21/04/06','DD/MM/RR'),'TP. Thủ Đức','0588826657','CNTT','Đang học');
Insert into "ADMINPDB"."SINHVIEN" (MASV,HOTEN,PHAI,NGSINH,DCHI,DT,KHOA,TINHTRANG) values ('20A936345','Đặng Anh Khánh','1',to_date('09/02/04','DD/MM/RR'),'Q.1, TP.HCM','0635911480','CNTT','Bảo lưu kết quả học tập');
Insert into "ADMINPDB"."SINHVIEN" (MASV,HOTEN,PHAI,NGSINH,DCHI,DT,KHOA,TINHTRANG) values ('20A421801','Đặng Văn Dũng','0',to_date('03/09/05','DD/MM/RR'),'TP. Cần Thơ','0384579827','HOA','Đang học');
Insert into "ADMINPDB"."SINHVIEN" (MASV,HOTEN,PHAI,NGSINH,DCHI,DT,KHOA,TINHTRANG) values ('20A454412','Trần Anh Hà','0',to_date('01/08/03','DD/MM/RR'),'Q.3, TP.HCM','0823528625','VATLY','Đã tốt nghiệp');
Insert into "ADMINPDB"."SINHVIEN" (MASV,HOTEN,PHAI,NGSINH,DCHI,DT,KHOA,TINHTRANG) values ('20A624582','Hoàng Hữu Hương','1',to_date('29/11/05','DD/MM/RR'),'Q.10, TP.HCM','0863043879','CNTT','Đã tốt nghiệp');
Insert into "ADMINPDB"."SINHVIEN" (MASV,HOTEN,PHAI,NGSINH,DCHI,DT,KHOA,TINHTRANG) values ('20A339137','Phan Thị Hương','0',to_date('19/11/05','DD/MM/RR'),'Q.10, TP.HCM','0281635074','SINH','Đã thôi học');
Insert into "ADMINPDB"."SINHVIEN" (MASV,HOTEN,PHAI,NGSINH,DCHI,DT,KHOA,TINHTRANG) values ('20A178758','Vũ Anh Vy','0',to_date('27/11/06','DD/MM/RR'),'TP. Cần Thơ','0737137621','CNTT','Bảo lưu kết quả học tập');
Insert into "ADMINPDB"."SINHVIEN" (MASV,HOTEN,PHAI,NGSINH,DCHI,DT,KHOA,TINHTRANG) values ('20A552069','Hoàng Hữu Hà','1',to_date('24/10/06','DD/MM/RR'),'TP. Thủ Đức','0809996961','CNTT','Đã thôi học');
Insert into "ADMINPDB"."SINHVIEN" (MASV,HOTEN,PHAI,NGSINH,DCHI,DT,KHOA,TINHTRANG) values ('20A672845','Trần Thị Quân','1',to_date('12/05/03','DD/MM/RR'),'TP. Cần Thơ','0594950864','HOA','Đã tốt nghiệp');
Insert into "ADMINPDB"."SINHVIEN" (MASV,HOTEN,PHAI,NGSINH,DCHI,DT,KHOA,TINHTRANG) values ('20A453401','Bùi Gia Quân','0',to_date('10/09/00','DD/MM/RR'),'Q.5, TP.HCM','0762408544','CNTT','Đang học');
Insert into "ADMINPDB"."SINHVIEN" (MASV,HOTEN,PHAI,NGSINH,DCHI,DT,KHOA,TINHTRANG) values ('20A827448','Nguyễn Ngọc Trang','1',to_date('11/12/01','DD/MM/RR'),'TP. Đà Nẵng','0289830108','SINH','Đã tốt nghiệp');
Insert into "ADMINPDB"."SINHVIEN" (MASV,HOTEN,PHAI,NGSINH,DCHI,DT,KHOA,TINHTRANG) values ('20A250874','Bùi Văn Hương','0',to_date('06/11/06','DD/MM/RR'),'Q.5, TP.HCM','0330631902','TOAN','Đã thôi học');
Insert into "ADMINPDB"."SINHVIEN" (MASV,HOTEN,PHAI,NGSINH,DCHI,DT,KHOA,TINHTRANG) values ('20A974147','Phan Hữu Bình','1',to_date('03/02/01','DD/MM/RR'),'Q.10, TP.HCM','0157430123','HOA','Đang học');
Insert into "ADMINPDB"."SINHVIEN" (MASV,HOTEN,PHAI,NGSINH,DCHI,DT,KHOA,TINHTRANG) values ('20A402902','Lê Văn Bình','0',to_date('17/04/02','DD/MM/RR'),'TP. Biên Hòa','0834129739','SINH','Đã thôi học');
Insert into "ADMINPDB"."SINHVIEN" (MASV,HOTEN,PHAI,NGSINH,DCHI,DT,KHOA,TINHTRANG) values ('20A424220','Đặng Ngọc Hương','1',to_date('11/01/06','DD/MM/RR'),'TP. Biên Hòa','0599450845','SINH','Đang học');
Insert into "ADMINPDB"."SINHVIEN" (MASV,HOTEN,PHAI,NGSINH,DCHI,DT,KHOA,TINHTRANG) values ('20A105874','Phạm Ngọc Hà','1',to_date('10/08/02','DD/MM/RR'),'Q.1, TP.HCM','0318888237','CNTT','Đang học');
Insert into "ADMINPDB"."SINHVIEN" (MASV,HOTEN,PHAI,NGSINH,DCHI,DT,KHOA,TINHTRANG) values ('20A914741','Nguyễn Anh Quân','1',to_date('21/12/00','DD/MM/RR'),'TP. Hà Nội','0981276783','TOAN','Bảo lưu kết quả học tập');
Insert into "ADMINPDB"."SINHVIEN" (MASV,HOTEN,PHAI,NGSINH,DCHI,DT,KHOA,TINHTRANG) values ('20A382468','Phạm Ngọc Quân','0',to_date('13/03/02','DD/MM/RR'),'Q.10, TP.HCM','0233744504','KHKT','Đã thôi học');
Insert into "ADMINPDB"."SINHVIEN" (MASV,HOTEN,PHAI,NGSINH,DCHI,DT,KHOA,TINHTRANG) values ('20A139283','Trần Anh Trang','0',to_date('18/05/00','DD/MM/RR'),'Q.5, TP.HCM','0270988281','KHKT','Đã thôi học');
Insert into "ADMINPDB"."SINHVIEN" (MASV,HOTEN,PHAI,NGSINH,DCHI,DT,KHOA,TINHTRANG) values ('20A810190','Lê Hữu Châu','0',to_date('25/01/04','DD/MM/RR'),'TP. Đà Nẵng','0653850372','SINH','Đang học');
Insert into "ADMINPDB"."SINHVIEN" (MASV,HOTEN,PHAI,NGSINH,DCHI,DT,KHOA,TINHTRANG) values ('20A501203','Phạm Thị Quân','1',to_date('10/08/00','DD/MM/RR'),'Q.1, TP.HCM','0823382410','SINH','Đã thôi học');
Insert into "ADMINPDB"."SINHVIEN" (MASV,HOTEN,PHAI,NGSINH,DCHI,DT,KHOA,TINHTRANG) values ('20A732545','Phạm Gia Vy','1',to_date('13/06/02','DD/MM/RR'),'Q.1, TP.HCM','0735905402','HOA','Đang học');
Insert into "ADMINPDB"."SINHVIEN" (MASV,HOTEN,PHAI,NGSINH,DCHI,DT,KHOA,TINHTRANG) values ('20A644147','Đặng Gia Dũng','0',to_date('03/06/03','DD/MM/RR'),'TP. Biên Hòa','0111527229','KHKT','Bảo lưu kết quả học tập');
Insert into "ADMINPDB"."SINHVIEN" (MASV,HOTEN,PHAI,NGSINH,DCHI,DT,KHOA,TINHTRANG) values ('20A439317','Phan Hữu Tú','1',to_date('19/10/02','DD/MM/RR'),'TP. Đà Nẵng','0299133875','SINH','Đã tốt nghiệp');
Insert into "ADMINPDB"."SINHVIEN" (MASV,HOTEN,PHAI,NGSINH,DCHI,DT,KHOA,TINHTRANG) values ('20A953333','Lê Ngọc Bình','0',to_date('25/08/05','DD/MM/RR'),'TP. Đà Nẵng','0652121818','KHKT','Bảo lưu kết quả học tập');
Insert into "ADMINPDB"."SINHVIEN" (MASV,HOTEN,PHAI,NGSINH,DCHI,DT,KHOA,TINHTRANG) values ('20A695990','Phạm Văn Phúc','0',to_date('30/12/02','DD/MM/RR'),'Q.1, TP.HCM','0138728648','HOA','Bảo lưu kết quả học tập');
Insert into "ADMINPDB"."SINHVIEN" (MASV,HOTEN,PHAI,NGSINH,DCHI,DT,KHOA,TINHTRANG) values ('20A408719','Nguyễn Thị Trang','0',to_date('28/02/05','DD/MM/RR'),'Q.3, TP.HCM','0250464046','SINH','Đang học');
Insert into "ADMINPDB"."SINHVIEN" (MASV,HOTEN,PHAI,NGSINH,DCHI,DT,KHOA,TINHTRANG) values ('20A656732','Vũ Anh Vy','0',to_date('15/10/05','DD/MM/RR'),'TP. Hà Nội','0868980160','CNTT','Đang học');
Insert into "ADMINPDB"."SINHVIEN" (MASV,HOTEN,PHAI,NGSINH,DCHI,DT,KHOA,TINHTRANG) values ('20A626787','Đặng Thị Tú','1',to_date('14/08/00','DD/MM/RR'),'TP. Cần Thơ','0848459292','SINH','Đã thôi học');
Insert into "ADMINPDB"."SINHVIEN" (MASV,HOTEN,PHAI,NGSINH,DCHI,DT,KHOA,TINHTRANG) values ('20A165301','Đặng Hữu Khánh','1',to_date('10/04/02','DD/MM/RR'),'TP. Vũng Tàu','0743411848','VATLY','Đang học');
Insert into "ADMINPDB"."SINHVIEN" (MASV,HOTEN,PHAI,NGSINH,DCHI,DT,KHOA,TINHTRANG) values ('20A273400','Trần Văn Khánh','0',to_date('16/03/05','DD/MM/RR'),'Q.3, TP.HCM','0776692288','HOA','Bảo lưu kết quả học tập');
Insert into "ADMINPDB"."SINHVIEN" (MASV,HOTEN,PHAI,NGSINH,DCHI,DT,KHOA,TINHTRANG) values ('20A355151','Đặng Gia Trang','0',to_date('09/12/00','DD/MM/RR'),'TP. Biên Hòa','0745908878','TOAN','Đã thôi học');
Insert into "ADMINPDB"."SINHVIEN" (MASV,HOTEN,PHAI,NGSINH,DCHI,DT,KHOA,TINHTRANG) values ('20A187549','Trần Thị Bình','1',to_date('25/06/06','DD/MM/RR'),'Q.10, TP.HCM','0623155620','CNTT','Bảo lưu kết quả học tập');
Insert into "ADMINPDB"."SINHVIEN" (MASV,HOTEN,PHAI,NGSINH,DCHI,DT,KHOA,TINHTRANG) values ('20A704656','Bùi Anh Vy','0',to_date('03/01/04','DD/MM/RR'),'TP. Hà Nội','0551796981','HOA','Đang học');
Insert into "ADMINPDB"."SINHVIEN" (MASV,HOTEN,PHAI,NGSINH,DCHI,DT,KHOA,TINHTRANG) values ('20A342103','Lê Ngọc Phúc','1',to_date('12/11/06','DD/MM/RR'),'Q.5, TP.HCM','0402549835','TOAN','Đang học');
Insert into "ADMINPDB"."SINHVIEN" (MASV,HOTEN,PHAI,NGSINH,DCHI,DT,KHOA,TINHTRANG) values ('20A505299','Phạm Ngọc Châu','0',to_date('30/08/03','DD/MM/RR'),'TP. Thủ Đức','0520812507','TOAN','Đang học');
Insert into "ADMINPDB"."SINHVIEN" (MASV,HOTEN,PHAI,NGSINH,DCHI,DT,KHOA,TINHTRANG) values ('20A889877','Trần Gia An','1',to_date('25/02/06','DD/MM/RR'),'Q.5, TP.HCM','0126637022','KHKT','Bảo lưu kết quả học tập');
Insert into "ADMINPDB"."SINHVIEN" (MASV,HOTEN,PHAI,NGSINH,DCHI,DT,KHOA,TINHTRANG) values ('20A853682','Nguyễn Anh Khánh','1',to_date('18/07/04','DD/MM/RR'),'TP. Thủ Đức','0668525655','KHKT','Bảo lưu kết quả học tập');
Insert into "ADMINPDB"."SINHVIEN" (MASV,HOTEN,PHAI,NGSINH,DCHI,DT,KHOA,TINHTRANG) values ('20A209306','Phạm Minh Hà','1',to_date('28/11/04','DD/MM/RR'),'Q.1, TP.HCM','0197236612','CNTT','Đã tốt nghiệp');
Insert into "ADMINPDB"."SINHVIEN" (MASV,HOTEN,PHAI,NGSINH,DCHI,DT,KHOA,TINHTRANG) values ('20A127468','Hoàng Thị Tú','0',to_date('11/02/06','DD/MM/RR'),'Q.1, TP.HCM','0922314813','TOAN','Đang học');
Insert into "ADMINPDB"."SINHVIEN" (MASV,HOTEN,PHAI,NGSINH,DCHI,DT,KHOA,TINHTRANG) values ('20A169704','Phạm Gia Châu','0',to_date('08/12/01','DD/MM/RR'),'TP. Đà Nẵng','0916997182','CNTT','Đã thôi học');
Insert into "ADMINPDB"."SINHVIEN" (MASV,HOTEN,PHAI,NGSINH,DCHI,DT,KHOA,TINHTRANG) values ('20A376133','Trần Thị Hương','1',to_date('24/02/05','DD/MM/RR'),'TP. Biên Hòa','0184509769','VATLY','Đã tốt nghiệp');
Insert into "ADMINPDB"."SINHVIEN" (MASV,HOTEN,PHAI,NGSINH,DCHI,DT,KHOA,TINHTRANG) values ('20A159841','Đặng Văn Khánh','1',to_date('25/09/02','DD/MM/RR'),'TP. Biên Hòa','0436588305','CNTT','Bảo lưu kết quả học tập');
Insert into "ADMINPDB"."SINHVIEN" (MASV,HOTEN,PHAI,NGSINH,DCHI,DT,KHOA,TINHTRANG) values ('20A377633','Nguyễn Thị Linh','1',to_date('17/08/00','DD/MM/RR'),'TP. Vũng Tàu','0653807066','HOA','Bảo lưu kết quả học tập');
Insert into "ADMINPDB"."SINHVIEN" (MASV,HOTEN,PHAI,NGSINH,DCHI,DT,KHOA,TINHTRANG) values ('20A463512','Phạm Anh Bình','1',to_date('03/08/06','DD/MM/RR'),'TP. Hà Nội','0954665978','VATLY','Đã tốt nghiệp');
Insert into "ADMINPDB"."SINHVIEN" (MASV,HOTEN,PHAI,NGSINH,DCHI,DT,KHOA,TINHTRANG) values ('20A432815','Đặng Minh Linh','0',to_date('13/10/04','DD/MM/RR'),'TP. Cần Thơ','0569419951','CNTT','Bảo lưu kết quả học tập');
Insert into "ADMINPDB"."SINHVIEN" (MASV,HOTEN,PHAI,NGSINH,DCHI,DT,KHOA,TINHTRANG) values ('20A831603','Lê Minh Quân','1',to_date('06/08/00','DD/MM/RR'),'Q.3, TP.HCM','0868475458','KHKT','Đang học');
Insert into "ADMINPDB"."SINHVIEN" (MASV,HOTEN,PHAI,NGSINH,DCHI,DT,KHOA,TINHTRANG) values ('20A692829','Phan Ngọc Khánh','1',to_date('06/07/01','DD/MM/RR'),'Q.5, TP.HCM','0519614945','TOAN','Đã tốt nghiệp');
Insert into "ADMINPDB"."SINHVIEN" (MASV,HOTEN,PHAI,NGSINH,DCHI,DT,KHOA,TINHTRANG) values ('20A261064','Nguyễn Minh Tú','1',to_date('25/11/01','DD/MM/RR'),'TP. Vũng Tàu','0693310271','SINH','Đang học');
Insert into "ADMINPDB"."SINHVIEN" (MASV,HOTEN,PHAI,NGSINH,DCHI,DT,KHOA,TINHTRANG) values ('20A307677','Phạm Minh Phúc','0',to_date('11/04/03','DD/MM/RR'),'TP. Vũng Tàu','0190507633','HOA','Đã tốt nghiệp');
Insert into "ADMINPDB"."SINHVIEN" (MASV,HOTEN,PHAI,NGSINH,DCHI,DT,KHOA,TINHTRANG) values ('20A147306','Trần Hữu Vy','0',to_date('29/07/06','DD/MM/RR'),'TP. Đà Nẵng','0662945418','TOAN','Đã thôi học');
Insert into "ADMINPDB"."SINHVIEN" (MASV,HOTEN,PHAI,NGSINH,DCHI,DT,KHOA,TINHTRANG) values ('20A368784','Lê Văn Nam','1',to_date('16/10/05','DD/MM/RR'),'Q.5, TP.HCM','0804721762','CNTT','Đã thôi học');
Insert into "ADMINPDB"."SINHVIEN" (MASV,HOTEN,PHAI,NGSINH,DCHI,DT,KHOA,TINHTRANG) values ('20A708905','Đặng Thị Dũng','1',to_date('24/07/02','DD/MM/RR'),'TP. Cần Thơ','0161370417','CNTT','Bảo lưu kết quả học tập');
Insert into "ADMINPDB"."SINHVIEN" (MASV,HOTEN,PHAI,NGSINH,DCHI,DT,KHOA,TINHTRANG) values ('20A372541','Bùi Ngọc Hương','0',to_date('28/03/04','DD/MM/RR'),'TP. Thủ Đức','0297341115','TOAN','Đã thôi học');
Insert into "ADMINPDB"."SINHVIEN" (MASV,HOTEN,PHAI,NGSINH,DCHI,DT,KHOA,TINHTRANG) values ('20A626922','Đặng Văn Khánh','0',to_date('10/10/02','DD/MM/RR'),'TP. Thủ Đức','0512769550','KHKT','Đã thôi học');
Insert into "ADMINPDB"."SINHVIEN" (MASV,HOTEN,PHAI,NGSINH,DCHI,DT,KHOA,TINHTRANG) values ('20A759387','Bùi Minh Phúc','1',to_date('05/01/02','DD/MM/RR'),'Q.3, TP.HCM','0720219331','HOA','Đang học');
Insert into "ADMINPDB"."SINHVIEN" (MASV,HOTEN,PHAI,NGSINH,DCHI,DT,KHOA,TINHTRANG) values ('20A802731','Lê Hữu Châu','0',to_date('02/04/01','DD/MM/RR'),'TP. Cần Thơ','0636548583','SINH','Đã thôi học');
Insert into "ADMINPDB"."SINHVIEN" (MASV,HOTEN,PHAI,NGSINH,DCHI,DT,KHOA,TINHTRANG) values ('20A133469','Bùi Thị Trang','1',to_date('16/11/05','DD/MM/RR'),'TP. Cần Thơ','0169099456','TOAN','Đã tốt nghiệp');
Insert into "ADMINPDB"."SINHVIEN" (MASV,HOTEN,PHAI,NGSINH,DCHI,DT,KHOA,TINHTRANG) values ('20A356121','Đặng Thị Bình','1',to_date('27/03/01','DD/MM/RR'),'TP. Hà Nội','0990339944','VATLY','Đã thôi học');
Insert into "ADMINPDB"."SINHVIEN" (MASV,HOTEN,PHAI,NGSINH,DCHI,DT,KHOA,TINHTRANG) values ('20A732898','Phan Anh Khánh','1',to_date('19/05/03','DD/MM/RR'),'TP. Thủ Đức','0740951114','CNTT','Bảo lưu kết quả học tập');
Insert into "ADMINPDB"."SINHVIEN" (MASV,HOTEN,PHAI,NGSINH,DCHI,DT,KHOA,TINHTRANG) values ('20A749080','Trần Văn Vy','1',to_date('02/02/06','DD/MM/RR'),'TP. Cần Thơ','0799547129','CNTT','Đang học');
Insert into "ADMINPDB"."SINHVIEN" (MASV,HOTEN,PHAI,NGSINH,DCHI,DT,KHOA,TINHTRANG) values ('20A147741','Hoàng Thị Nam','1',to_date('17/12/01','DD/MM/RR'),'Q.3, TP.HCM','0148068715','CNTT','Đã thôi học');
Insert into "ADMINPDB"."SINHVIEN" (MASV,HOTEN,PHAI,NGSINH,DCHI,DT,KHOA,TINHTRANG) values ('20A549207','Phan Văn Châu','1',to_date('11/11/05','DD/MM/RR'),'TP. Hà Nội','0584240383','SINH','Đã tốt nghiệp');
Insert into "ADMINPDB"."SINHVIEN" (MASV,HOTEN,PHAI,NGSINH,DCHI,DT,KHOA,TINHTRANG) values ('20A368369','Đặng Anh Bình','1',to_date('25/09/04','DD/MM/RR'),'TP. Vũng Tàu','0783944628','HOA','Đã tốt nghiệp');
Insert into "ADMINPDB"."SINHVIEN" (MASV,HOTEN,PHAI,NGSINH,DCHI,DT,KHOA,TINHTRANG) values ('20A588861','Bùi Gia Trang','0',to_date('02/04/07','DD/MM/RR'),'Q.10, TP.HCM','0159957132','SINH','Đã thôi học');
Insert into "ADMINPDB"."SINHVIEN" (MASV,HOTEN,PHAI,NGSINH,DCHI,DT,KHOA,TINHTRANG) values ('20A382023','Đặng Anh Nam','0',to_date('27/04/01','DD/MM/RR'),'TP. Cần Thơ','0863414247','SINH','Đang học');
Insert into "ADMINPDB"."SINHVIEN" (MASV,HOTEN,PHAI,NGSINH,DCHI,DT,KHOA,TINHTRANG) values ('20A240738','Vũ Văn Nam','0',to_date('18/08/02','DD/MM/RR'),'Q.5, TP.HCM','0234249718','KHKT','Bảo lưu kết quả học tập');
Insert into "ADMINPDB"."SINHVIEN" (MASV,HOTEN,PHAI,NGSINH,DCHI,DT,KHOA,TINHTRANG) values ('20A671343','Vũ Thị Khánh','0',to_date('24/02/01','DD/MM/RR'),'Q.5, TP.HCM','0804083979','KHKT','Đã tốt nghiệp');
Insert into "ADMINPDB"."SINHVIEN" (MASV,HOTEN,PHAI,NGSINH,DCHI,DT,KHOA,TINHTRANG) values ('20A337530','Phạm Thị Tú','1',to_date('30/11/04','DD/MM/RR'),'Q.3, TP.HCM','0786606149','TOAN','Đã tốt nghiệp');
Insert into "ADMINPDB"."SINHVIEN" (MASV,HOTEN,PHAI,NGSINH,DCHI,DT,KHOA,TINHTRANG) values ('20A599378','Bùi Anh Nam','1',to_date('18/08/04','DD/MM/RR'),'Q.1, TP.HCM','0739486692','KHKT','Đã tốt nghiệp');
Insert into "ADMINPDB"."SINHVIEN" (MASV,HOTEN,PHAI,NGSINH,DCHI,DT,KHOA,TINHTRANG) values ('20A786114','Bùi Hữu Tú','1',to_date('09/03/07','DD/MM/RR'),'Q.5, TP.HCM','0364960508','KHKT','Đã tốt nghiệp');
Insert into "ADMINPDB"."SINHVIEN" (MASV,HOTEN,PHAI,NGSINH,DCHI,DT,KHOA,TINHTRANG) values ('20A397998','Phạm Thị Châu','1',to_date('13/02/01','DD/MM/RR'),'TP. Vũng Tàu','0471709937','SINH','Đã tốt nghiệp');
Insert into "ADMINPDB"."SINHVIEN" (MASV,HOTEN,PHAI,NGSINH,DCHI,DT,KHOA,TINHTRANG) values ('20A109069','Trần Hữu Dũng','0',to_date('28/10/06','DD/MM/RR'),'TP. Hà Nội','0611555196','VATLY','Bảo lưu kết quả học tập');
Insert into "ADMINPDB"."SINHVIEN" (MASV,HOTEN,PHAI,NGSINH,DCHI,DT,KHOA,TINHTRANG) values ('20A449077','Bùi Hữu Quân','1',to_date('25/11/03','DD/MM/RR'),'TP. Đà Nẵng','0963187916','SINH','Bảo lưu kết quả học tập');
Insert into "ADMINPDB"."SINHVIEN" (MASV,HOTEN,PHAI,NGSINH,DCHI,DT,KHOA,TINHTRANG) values ('20A673571','Lê Minh Linh','1',to_date('19/11/04','DD/MM/RR'),'TP. Cần Thơ','0173211966','SINH','Bảo lưu kết quả học tập');
Insert into "ADMINPDB"."SINHVIEN" (MASV,HOTEN,PHAI,NGSINH,DCHI,DT,KHOA,TINHTRANG) values ('20A943332','Lê Anh Linh','1',to_date('10/07/06','DD/MM/RR'),'TP. Đà Nẵng','0428547341','HOA','Đã thôi học');
Insert into "ADMINPDB"."SINHVIEN" (MASV,HOTEN,PHAI,NGSINH,DCHI,DT,KHOA,TINHTRANG) values ('20A305087','Vũ Ngọc Quân','1',to_date('18/12/01','DD/MM/RR'),'Q.3, TP.HCM','0785931547','SINH','Đã thôi học');
Insert into "ADMINPDB"."SINHVIEN" (MASV,HOTEN,PHAI,NGSINH,DCHI,DT,KHOA,TINHTRANG) values ('20A374851','Bùi Minh Khánh','1',to_date('09/02/07','DD/MM/RR'),'Q.3, TP.HCM','0789864671','SINH','Đã thôi học');
Insert into "ADMINPDB"."SINHVIEN" (MASV,HOTEN,PHAI,NGSINH,DCHI,DT,KHOA,TINHTRANG) values ('20A153260','Phan Thị Hương','1',to_date('17/02/03','DD/MM/RR'),'TP. Cần Thơ','0329954891','TOAN','Bảo lưu kết quả học tập');
Insert into "ADMINPDB"."SINHVIEN" (MASV,HOTEN,PHAI,NGSINH,DCHI,DT,KHOA,TINHTRANG) values ('20A878505','Nguyễn Ngọc Bình','1',to_date('24/08/04','DD/MM/RR'),'TP. Vũng Tàu','0166277391','KHKT','Đang học');
Insert into "ADMINPDB"."SINHVIEN" (MASV,HOTEN,PHAI,NGSINH,DCHI,DT,KHOA,TINHTRANG) values ('20A894801','Trần Hữu Phúc','0',to_date('30/09/02','DD/MM/RR'),'TP. Cần Thơ','0385637769','HOA','Đang học');
Insert into "ADMINPDB"."SINHVIEN" (MASV,HOTEN,PHAI,NGSINH,DCHI,DT,KHOA,TINHTRANG) values ('20A912133','Vũ Thị Bình','0',to_date('01/12/03','DD/MM/RR'),'TP. Vũng Tàu','0422971366','SINH','Đang học');
Insert into "ADMINPDB"."SINHVIEN" (MASV,HOTEN,PHAI,NGSINH,DCHI,DT,KHOA,TINHTRANG) values ('20A187741','Bùi Văn An','1',to_date('14/01/03','DD/MM/RR'),'TP. Thủ Đức','0318721738','TOAN','Đã thôi học');
Insert into "ADMINPDB"."SINHVIEN" (MASV,HOTEN,PHAI,NGSINH,DCHI,DT,KHOA,TINHTRANG) values ('20A248994','Vũ Anh Dũng','0',to_date('18/06/03','DD/MM/RR'),'TP. Biên Hòa','0571582679','HOA','Đã tốt nghiệp');
Insert into "ADMINPDB"."SINHVIEN" (MASV,HOTEN,PHAI,NGSINH,DCHI,DT,KHOA,TINHTRANG) values ('20A958951','Phạm Minh Vy','0',to_date('02/02/05','DD/MM/RR'),'TP. Biên Hòa','0945482046','SINH','Đã tốt nghiệp');
Insert into "ADMINPDB"."SINHVIEN" (MASV,HOTEN,PHAI,NGSINH,DCHI,DT,KHOA,TINHTRANG) values ('20A545849','Phạm Hữu Nam','0',to_date('15/10/01','DD/MM/RR'),'TP. Đà Nẵng','0220465556','CNTT','Đã tốt nghiệp');
Insert into "ADMINPDB"."SINHVIEN" (MASV,HOTEN,PHAI,NGSINH,DCHI,DT,KHOA,TINHTRANG) values ('20A434446','Đặng Ngọc Hương','0',to_date('20/09/04','DD/MM/RR'),'Q.1, TP.HCM','0692447921','SINH','Đã tốt nghiệp');
Insert into "ADMINPDB"."SINHVIEN" (MASV,HOTEN,PHAI,NGSINH,DCHI,DT,KHOA,TINHTRANG) values ('20A176921','Hoàng Thị An','1',to_date('07/10/02','DD/MM/RR'),'Q.3, TP.HCM','0831150423','KHKT','Đã thôi học');
Insert into "ADMINPDB"."SINHVIEN" (MASV,HOTEN,PHAI,NGSINH,DCHI,DT,KHOA,TINHTRANG) values ('20A143054','Nguyễn Văn Tú','0',to_date('28/04/06','DD/MM/RR'),'TP. Biên Hòa','0208226690','TOAN','Đang học');
Insert into "ADMINPDB"."SINHVIEN" (MASV,HOTEN,PHAI,NGSINH,DCHI,DT,KHOA,TINHTRANG) values ('20A955394','Trần Hữu Châu','0',to_date('24/04/04','DD/MM/RR'),'TP. Đà Nẵng','0623764032','VATLY','Đã thôi học');
Insert into "ADMINPDB"."SINHVIEN" (MASV,HOTEN,PHAI,NGSINH,DCHI,DT,KHOA,TINHTRANG) values ('20A224884','Bùi Gia Hương','0',to_date('26/01/06','DD/MM/RR'),'TP. Vũng Tàu','0817182775','VATLY','Đang học');
Insert into "ADMINPDB"."SINHVIEN" (MASV,HOTEN,PHAI,NGSINH,DCHI,DT,KHOA,TINHTRANG) values ('20A333486','Vũ Minh Trang','1',to_date('07/02/06','DD/MM/RR'),'TP. Hà Nội','0365332359','HOA','Đã thôi học');
Insert into "ADMINPDB"."SINHVIEN" (MASV,HOTEN,PHAI,NGSINH,DCHI,DT,KHOA,TINHTRANG) values ('20A793289','Lê Văn Trang','0',to_date('24/08/02','DD/MM/RR'),'Q.5, TP.HCM','0741250852','VATLY','Đã thôi học');
Insert into "ADMINPDB"."SINHVIEN" (MASV,HOTEN,PHAI,NGSINH,DCHI,DT,KHOA,TINHTRANG) values ('20A550885','Vũ Anh Quân','1',to_date('30/06/01','DD/MM/RR'),'TP. Cần Thơ','0486108933','HOA','Đã tốt nghiệp');
Insert into "ADMINPDB"."SINHVIEN" (MASV,HOTEN,PHAI,NGSINH,DCHI,DT,KHOA,TINHTRANG) values ('20A559292','Trần Gia Phúc','1',to_date('08/01/04','DD/MM/RR'),'TP. Biên Hòa','0868529292','KHKT','Đang học');
Insert into "ADMINPDB"."SINHVIEN" (MASV,HOTEN,PHAI,NGSINH,DCHI,DT,KHOA,TINHTRANG) values ('20A447097','Lê Gia Dũng','0',to_date('05/07/03','DD/MM/RR'),'TP. Hà Nội','0698653181','SINH','Đã thôi học');
Insert into "ADMINPDB"."SINHVIEN" (MASV,HOTEN,PHAI,NGSINH,DCHI,DT,KHOA,TINHTRANG) values ('20A321301','Đặng Minh Khánh','0',to_date('26/02/01','DD/MM/RR'),'TP. Biên Hòa','0394643616','TOAN','Đã thôi học');
Insert into "ADMINPDB"."SINHVIEN" (MASV,HOTEN,PHAI,NGSINH,DCHI,DT,KHOA,TINHTRANG) values ('20A469039','Trần Gia Linh','0',to_date('13/11/00','DD/MM/RR'),'Q.10, TP.HCM','0524366262','HOA','Đang học');
Insert into "ADMINPDB"."SINHVIEN" (MASV,HOTEN,PHAI,NGSINH,DCHI,DT,KHOA,TINHTRANG) values ('20A461344','Phạm Gia Vy','0',to_date('26/05/01','DD/MM/RR'),'Q.10, TP.HCM','0110627816','KHKT','Bảo lưu kết quả học tập');
Insert into "ADMINPDB"."SINHVIEN" (MASV,HOTEN,PHAI,NGSINH,DCHI,DT,KHOA,TINHTRANG) values ('20A300442','Lê Văn Tú','1',to_date('18/08/01','DD/MM/RR'),'TP. Biên Hòa','0484035614','TOAN','Đã tốt nghiệp');
Insert into "ADMINPDB"."SINHVIEN" (MASV,HOTEN,PHAI,NGSINH,DCHI,DT,KHOA,TINHTRANG) values ('20A661668','Trần Minh Phúc','0',to_date('17/08/00','DD/MM/RR'),'TP. Biên Hòa','0198443040','CNTT','Bảo lưu kết quả học tập');
Insert into "ADMINPDB"."SINHVIEN" (MASV,HOTEN,PHAI,NGSINH,DCHI,DT,KHOA,TINHTRANG) values ('20A926660','Phạm Gia Tú','0',to_date('27/01/07','DD/MM/RR'),'TP. Biên Hòa','0294490552','SINH','Đã tốt nghiệp');
Insert into "ADMINPDB"."SINHVIEN" (MASV,HOTEN,PHAI,NGSINH,DCHI,DT,KHOA,TINHTRANG) values ('20A746994','Trần Hữu An','0',to_date('16/07/00','DD/MM/RR'),'TP. Thủ Đức','0827620178','TOAN','Bảo lưu kết quả học tập');
Insert into "ADMINPDB"."SINHVIEN" (MASV,HOTEN,PHAI,NGSINH,DCHI,DT,KHOA,TINHTRANG) values ('20A550660','Trần Ngọc An','0',to_date('09/11/00','DD/MM/RR'),'TP. Biên Hòa','0991649025','KHKT','Đang học');
Insert into "ADMINPDB"."SINHVIEN" (MASV,HOTEN,PHAI,NGSINH,DCHI,DT,KHOA,TINHTRANG) values ('20A833931','Phạm Minh Châu','1',to_date('28/12/00','DD/MM/RR'),'Q.3, TP.HCM','0237443945','SINH','Đã thôi học');
Insert into "ADMINPDB"."SINHVIEN" (MASV,HOTEN,PHAI,NGSINH,DCHI,DT,KHOA,TINHTRANG) values ('20A356612','Bùi Minh Khánh','0',to_date('20/12/03','DD/MM/RR'),'TP. Hà Nội','0359189874','HOA','Bảo lưu kết quả học tập');
Insert into "ADMINPDB"."SINHVIEN" (MASV,HOTEN,PHAI,NGSINH,DCHI,DT,KHOA,TINHTRANG) values ('20A929247','Phan Hữu Hà','1',to_date('06/03/01','DD/MM/RR'),'TP. Đà Nẵng','0232896593','TOAN','Bảo lưu kết quả học tập');
Insert into "ADMINPDB"."SINHVIEN" (MASV,HOTEN,PHAI,NGSINH,DCHI,DT,KHOA,TINHTRANG) values ('20A583857','Trần Anh Hà','1',to_date('26/08/01','DD/MM/RR'),'TP. Thủ Đức','0848674362','KHKT','Đang học');
Insert into "ADMINPDB"."SINHVIEN" (MASV,HOTEN,PHAI,NGSINH,DCHI,DT,KHOA,TINHTRANG) values ('20A322610','Vũ Minh Hương','0',to_date('16/06/05','DD/MM/RR'),'TP. Cần Thơ','0100007151','KHKT','Đã thôi học');
Insert into "ADMINPDB"."SINHVIEN" (MASV,HOTEN,PHAI,NGSINH,DCHI,DT,KHOA,TINHTRANG) values ('20A872528','Trần Gia Dũng','0',to_date('16/01/03','DD/MM/RR'),'Q.5, TP.HCM','0806969129','KHKT','Đã tốt nghiệp');
Insert into "ADMINPDB"."SINHVIEN" (MASV,HOTEN,PHAI,NGSINH,DCHI,DT,KHOA,TINHTRANG) values ('20A666409','Lê Hữu Nam','1',to_date('23/04/00','DD/MM/RR'),'TP. Thủ Đức','0692869383','VATLY','Bảo lưu kết quả học tập');
Insert into "ADMINPDB"."SINHVIEN" (MASV,HOTEN,PHAI,NGSINH,DCHI,DT,KHOA,TINHTRANG) values ('20A409815','Phan Gia Trang','0',to_date('06/02/01','DD/MM/RR'),'TP. Vũng Tàu','0420002560','HOA','Đã tốt nghiệp');
Insert into "ADMINPDB"."SINHVIEN" (MASV,HOTEN,PHAI,NGSINH,DCHI,DT,KHOA,TINHTRANG) values ('20A410395','Phan Văn Dũng','0',to_date('14/05/00','DD/MM/RR'),'Q.3, TP.HCM','0372120467','CNTT','Đã thôi học');
Insert into "ADMINPDB"."SINHVIEN" (MASV,HOTEN,PHAI,NGSINH,DCHI,DT,KHOA,TINHTRANG) values ('20A403627','Nguyễn Thị Linh','0',to_date('29/01/05','DD/MM/RR'),'Q.1, TP.HCM','0653161666','CNTT','Đã tốt nghiệp');
Insert into "ADMINPDB"."SINHVIEN" (MASV,HOTEN,PHAI,NGSINH,DCHI,DT,KHOA,TINHTRANG) values ('20A452753','Phan Hữu Linh','0',to_date('12/07/04','DD/MM/RR'),'TP. Cần Thơ','0347338382','KHKT','Bảo lưu kết quả học tập');
Insert into "ADMINPDB"."SINHVIEN" (MASV,HOTEN,PHAI,NGSINH,DCHI,DT,KHOA,TINHTRANG) values ('20A244005','Trần Ngọc Phúc','1',to_date('22/02/01','DD/MM/RR'),'TP. Thủ Đức','0260571235','HOA','Đang học');
Insert into "ADMINPDB"."SINHVIEN" (MASV,HOTEN,PHAI,NGSINH,DCHI,DT,KHOA,TINHTRANG) values ('20A179080','Phan Thị Châu','0',to_date('29/10/05','DD/MM/RR'),'Q.1, TP.HCM','0213593434','CNTT','Bảo lưu kết quả học tập');
Insert into "ADMINPDB"."SINHVIEN" (MASV,HOTEN,PHAI,NGSINH,DCHI,DT,KHOA,TINHTRANG) values ('20A672489','Bùi Ngọc Hà','0',to_date('13/10/02','DD/MM/RR'),'TP. Biên Hòa','0690747067','KHKT','Đã tốt nghiệp');
Insert into "ADMINPDB"."SINHVIEN" (MASV,HOTEN,PHAI,NGSINH,DCHI,DT,KHOA,TINHTRANG) values ('20A631238','Lê Ngọc Nam','0',to_date('30/08/00','DD/MM/RR'),'TP. Thủ Đức','0115490678','VATLY','Đã tốt nghiệp');
Insert into "ADMINPDB"."SINHVIEN" (MASV,HOTEN,PHAI,NGSINH,DCHI,DT,KHOA,TINHTRANG) values ('20A332266','Phạm Văn Hà','0',to_date('23/04/03','DD/MM/RR'),'TP. Thủ Đức','0269233172','CNTT','Đã thôi học');
Insert into "ADMINPDB"."SINHVIEN" (MASV,HOTEN,PHAI,NGSINH,DCHI,DT,KHOA,TINHTRANG) values ('20A303709','Trần Minh Vy','0',to_date('12/01/01','DD/MM/RR'),'TP. Cần Thơ','0765637171','KHKT','Đang học');
Insert into "ADMINPDB"."SINHVIEN" (MASV,HOTEN,PHAI,NGSINH,DCHI,DT,KHOA,TINHTRANG) values ('20A439799','Bùi Gia Quân','0',to_date('03/05/04','DD/MM/RR'),'Q.1, TP.HCM','0786827630','CNTT','Đang học');
Insert into "ADMINPDB"."SINHVIEN" (MASV,HOTEN,PHAI,NGSINH,DCHI,DT,KHOA,TINHTRANG) values ('20A611624','Nguyễn Thị An','1',to_date('22/02/05','DD/MM/RR'),'Q.1, TP.HCM','0843427998','VATLY','Đã tốt nghiệp');
Insert into "ADMINPDB"."SINHVIEN" (MASV,HOTEN,PHAI,NGSINH,DCHI,DT,KHOA,TINHTRANG) values ('20A890758','Đặng Gia Khánh','1',to_date('09/05/06','DD/MM/RR'),'TP. Biên Hòa','0964151342','TOAN','Bảo lưu kết quả học tập');
Insert into "ADMINPDB"."SINHVIEN" (MASV,HOTEN,PHAI,NGSINH,DCHI,DT,KHOA,TINHTRANG) values ('20A285884','Lê Văn Nam','0',to_date('01/08/01','DD/MM/RR'),'TP. Vũng Tàu','0268473129','HOA','Đang học');
Insert into "ADMINPDB"."SINHVIEN" (MASV,HOTEN,PHAI,NGSINH,DCHI,DT,KHOA,TINHTRANG) values ('20A509782','Phạm Thị Trang','0',to_date('25/03/06','DD/MM/RR'),'Q.5, TP.HCM','0693581867','CNTT','Đã tốt nghiệp');
Insert into "ADMINPDB"."SINHVIEN" (MASV,HOTEN,PHAI,NGSINH,DCHI,DT,KHOA,TINHTRANG) values ('20A604709','Lê Ngọc Trang','0',to_date('21/07/00','DD/MM/RR'),'TP. Đà Nẵng','0549725950','HOA','Bảo lưu kết quả học tập');
Insert into "ADMINPDB"."SINHVIEN" (MASV,HOTEN,PHAI,NGSINH,DCHI,DT,KHOA,TINHTRANG) values ('20A207183','Nguyễn Ngọc Dũng','1',to_date('25/11/00','DD/MM/RR'),'Q.10, TP.HCM','0369382575','TOAN','Đã tốt nghiệp');
Insert into "ADMINPDB"."SINHVIEN" (MASV,HOTEN,PHAI,NGSINH,DCHI,DT,KHOA,TINHTRANG) values ('20A704468','Trần Hữu Khánh','1',to_date('10/10/02','DD/MM/RR'),'Q.5, TP.HCM','0853089535','TOAN','Đang học');
Insert into "ADMINPDB"."SINHVIEN" (MASV,HOTEN,PHAI,NGSINH,DCHI,DT,KHOA,TINHTRANG) values ('20A870238','Nguyễn Hữu Khánh','1',to_date('04/04/04','DD/MM/RR'),'Q.1, TP.HCM','0178215173','SINH','Đang học');
Insert into "ADMINPDB"."SINHVIEN" (MASV,HOTEN,PHAI,NGSINH,DCHI,DT,KHOA,TINHTRANG) values ('20A309869','Bùi Hữu Dũng','0',to_date('22/09/02','DD/MM/RR'),'TP. Hà Nội','0481832544','VATLY','Đang học');
Insert into "ADMINPDB"."SINHVIEN" (MASV,HOTEN,PHAI,NGSINH,DCHI,DT,KHOA,TINHTRANG) values ('20A356765','Trần Văn An','1',to_date('01/05/03','DD/MM/RR'),'Q.1, TP.HCM','0560888943','KHKT','Đã thôi học');
Insert into "ADMINPDB"."SINHVIEN" (MASV,HOTEN,PHAI,NGSINH,DCHI,DT,KHOA,TINHTRANG) values ('20A772941','Hoàng Anh Châu','1',to_date('14/11/05','DD/MM/RR'),'TP. Vũng Tàu','0994100335','KHKT','Đã thôi học');
Insert into "ADMINPDB"."SINHVIEN" (MASV,HOTEN,PHAI,NGSINH,DCHI,DT,KHOA,TINHTRANG) values ('20A411239','Trần Gia Tú','0',to_date('31/12/02','DD/MM/RR'),'TP. Thủ Đức','0806411057','HOA','Đã tốt nghiệp');
Insert into "ADMINPDB"."SINHVIEN" (MASV,HOTEN,PHAI,NGSINH,DCHI,DT,KHOA,TINHTRANG) values ('20A622817','Phạm Gia Tú','1',to_date('17/09/02','DD/MM/RR'),'TP. Hà Nội','0215446925','VATLY','Bảo lưu kết quả học tập');
Insert into "ADMINPDB"."SINHVIEN" (MASV,HOTEN,PHAI,NGSINH,DCHI,DT,KHOA,TINHTRANG) values ('20A707186','Vũ Ngọc Phúc','1',to_date('30/08/03','DD/MM/RR'),'TP. Vũng Tàu','0514593331','TOAN','Bảo lưu kết quả học tập');
Insert into "ADMINPDB"."SINHVIEN" (MASV,HOTEN,PHAI,NGSINH,DCHI,DT,KHOA,TINHTRANG) values ('20A922445','Nguyễn Văn Quân','0',to_date('29/03/01','DD/MM/RR'),'Q.1, TP.HCM','0788792960','KHKT','Đang học');
Insert into "ADMINPDB"."SINHVIEN" (MASV,HOTEN,PHAI,NGSINH,DCHI,DT,KHOA,TINHTRANG) values ('20A620587','Bùi Gia Hà','0',to_date('16/03/01','DD/MM/RR'),'Q.10, TP.HCM','0681201706','SINH','Đang học');
Insert into "ADMINPDB"."SINHVIEN" (MASV,HOTEN,PHAI,NGSINH,DCHI,DT,KHOA,TINHTRANG) values ('20A755769','Hoàng Ngọc Quân','0',to_date('01/03/01','DD/MM/RR'),'Q.10, TP.HCM','0452496404','KHKT','Đã thôi học');
Insert into "ADMINPDB"."SINHVIEN" (MASV,HOTEN,PHAI,NGSINH,DCHI,DT,KHOA,TINHTRANG) values ('20A219194','Vũ Minh Khánh','1',to_date('21/02/01','DD/MM/RR'),'Q.1, TP.HCM','0230778226','SINH','Bảo lưu kết quả học tập');
Insert into "ADMINPDB"."SINHVIEN" (MASV,HOTEN,PHAI,NGSINH,DCHI,DT,KHOA,TINHTRANG) values ('20A500257','Phan Minh Hà','1',to_date('17/02/03','DD/MM/RR'),'TP. Hà Nội','0709933409','VATLY','Đã tốt nghiệp');
Insert into "ADMINPDB"."SINHVIEN" (MASV,HOTEN,PHAI,NGSINH,DCHI,DT,KHOA,TINHTRANG) values ('20A828543','Trần Văn Linh','1',to_date('17/03/07','DD/MM/RR'),'Q.3, TP.HCM','0557580853','CNTT','Đã tốt nghiệp');
Insert into "ADMINPDB"."SINHVIEN" (MASV,HOTEN,PHAI,NGSINH,DCHI,DT,KHOA,TINHTRANG) values ('20A383191','Phạm Văn An','0',to_date('11/08/06','DD/MM/RR'),'TP. Biên Hòa','0856209080','VATLY','Đang học');
Insert into "ADMINPDB"."SINHVIEN" (MASV,HOTEN,PHAI,NGSINH,DCHI,DT,KHOA,TINHTRANG) values ('20A856975','Đặng Văn Châu','0',to_date('08/03/05','DD/MM/RR'),'TP. Hà Nội','0971117111','SINH','Đã thôi học');
Insert into "ADMINPDB"."SINHVIEN" (MASV,HOTEN,PHAI,NGSINH,DCHI,DT,KHOA,TINHTRANG) values ('20A818916','Vũ Văn Dũng','0',to_date('23/11/00','DD/MM/RR'),'Q.5, TP.HCM','0208774422','VATLY','Đang học');
Insert into "ADMINPDB"."SINHVIEN" (MASV,HOTEN,PHAI,NGSINH,DCHI,DT,KHOA,TINHTRANG) values ('20A798371','Phan Minh Châu','0',to_date('20/10/06','DD/MM/RR'),'TP. Vũng Tàu','0633940620','HOA','Đã tốt nghiệp');
Insert into "ADMINPDB"."SINHVIEN" (MASV,HOTEN,PHAI,NGSINH,DCHI,DT,KHOA,TINHTRANG) values ('20A941547','Vũ Minh Hà','0',to_date('15/10/01','DD/MM/RR'),'TP. Vũng Tàu','0202124874','HOA','Bảo lưu kết quả học tập');
Insert into "ADMINPDB"."SINHVIEN" (MASV,HOTEN,PHAI,NGSINH,DCHI,DT,KHOA,TINHTRANG) values ('20A599918','Phan Văn Nam','1',to_date('22/07/01','DD/MM/RR'),'TP. Hà Nội','0572191810','KHKT','Bảo lưu kết quả học tập');
Insert into "ADMINPDB"."SINHVIEN" (MASV,HOTEN,PHAI,NGSINH,DCHI,DT,KHOA,TINHTRANG) values ('20A884079','Vũ Gia Hà','1',to_date('25/01/07','DD/MM/RR'),'TP. Biên Hòa','0639853349','CNTT','Bảo lưu kết quả học tập');
Insert into "ADMINPDB"."SINHVIEN" (MASV,HOTEN,PHAI,NGSINH,DCHI,DT,KHOA,TINHTRANG) values ('20A143108','Phạm Văn Hương','0',to_date('28/03/05','DD/MM/RR'),'TP. Biên Hòa','0586847177','CNTT','Bảo lưu kết quả học tập');
Insert into "ADMINPDB"."SINHVIEN" (MASV,HOTEN,PHAI,NGSINH,DCHI,DT,KHOA,TINHTRANG) values ('20A197290','Đặng Ngọc Khánh','0',to_date('16/01/04','DD/MM/RR'),'TP. Cần Thơ','0589538216','CNTT','Bảo lưu kết quả học tập');
Insert into "ADMINPDB"."SINHVIEN" (MASV,HOTEN,PHAI,NGSINH,DCHI,DT,KHOA,TINHTRANG) values ('20A623911','Nguyễn Ngọc Dũng','0',to_date('13/05/03','DD/MM/RR'),'TP. Biên Hòa','0263717759','HOA','Đang học');
Insert into "ADMINPDB"."SINHVIEN" (MASV,HOTEN,PHAI,NGSINH,DCHI,DT,KHOA,TINHTRANG) values ('20A828140','Trần Văn Vy','0',to_date('12/01/01','DD/MM/RR'),'TP. Cần Thơ','0426298723','TOAN','Đã thôi học');
Insert into "ADMINPDB"."SINHVIEN" (MASV,HOTEN,PHAI,NGSINH,DCHI,DT,KHOA,TINHTRANG) values ('20A960078','Đặng Minh Trang','1',to_date('30/01/05','DD/MM/RR'),'TP. Cần Thơ','0946739406','TOAN','Đã tốt nghiệp');
Insert into "ADMINPDB"."SINHVIEN" (MASV,HOTEN,PHAI,NGSINH,DCHI,DT,KHOA,TINHTRANG) values ('20A513379','Phạm Anh Phúc','0',to_date('24/10/04','DD/MM/RR'),'Q.1, TP.HCM','0292524168','TOAN','Đang học');
Insert into "ADMINPDB"."SINHVIEN" (MASV,HOTEN,PHAI,NGSINH,DCHI,DT,KHOA,TINHTRANG) values ('20A973391','Vũ Hữu Tú','1',to_date('11/12/01','DD/MM/RR'),'TP. Biên Hòa','0561351338','TOAN','Đã tốt nghiệp');
Insert into "ADMINPDB"."SINHVIEN" (MASV,HOTEN,PHAI,NGSINH,DCHI,DT,KHOA,TINHTRANG) values ('20A638282','Đặng Thị Khánh','0',to_date('30/01/01','DD/MM/RR'),'TP. Đà Nẵng','0977299068','HOA','Bảo lưu kết quả học tập');
Insert into "ADMINPDB"."SINHVIEN" (MASV,HOTEN,PHAI,NGSINH,DCHI,DT,KHOA,TINHTRANG) values ('20A431922','Phan Hữu Vy','1',to_date('01/10/06','DD/MM/RR'),'TP. Hà Nội','0992181164','HOA','Đã tốt nghiệp');
Insert into "ADMINPDB"."SINHVIEN" (MASV,HOTEN,PHAI,NGSINH,DCHI,DT,KHOA,TINHTRANG) values ('20A542648','Phan Gia Tú','0',to_date('28/05/02','DD/MM/RR'),'TP. Cần Thơ','0413590676','KHKT','Bảo lưu kết quả học tập');
Insert into "ADMINPDB"."SINHVIEN" (MASV,HOTEN,PHAI,NGSINH,DCHI,DT,KHOA,TINHTRANG) values ('20A181526','Hoàng Anh Dũng','1',to_date('06/10/02','DD/MM/RR'),'TP. Cần Thơ','0370221752','HOA','Đã tốt nghiệp');
Insert into "ADMINPDB"."SINHVIEN" (MASV,HOTEN,PHAI,NGSINH,DCHI,DT,KHOA,TINHTRANG) values ('20A419389','Vũ Minh Quân','1',to_date('02/04/04','DD/MM/RR'),'TP. Hà Nội','0546230657','KHKT','Đã tốt nghiệp');
Insert into "ADMINPDB"."SINHVIEN" (MASV,HOTEN,PHAI,NGSINH,DCHI,DT,KHOA,TINHTRANG) values ('20A410861','Lê Văn Quân','0',to_date('03/01/06','DD/MM/RR'),'Q.5, TP.HCM','0520329174','SINH','Bảo lưu kết quả học tập');
Insert into "ADMINPDB"."SINHVIEN" (MASV,HOTEN,PHAI,NGSINH,DCHI,DT,KHOA,TINHTRANG) values ('20A580240','Phan Anh Quân','1',to_date('01/04/02','DD/MM/RR'),'TP. Cần Thơ','0349061354','KHKT','Đang học');
Insert into "ADMINPDB"."SINHVIEN" (MASV,HOTEN,PHAI,NGSINH,DCHI,DT,KHOA,TINHTRANG) values ('20A849942','Bùi Minh Dũng','0',to_date('18/07/05','DD/MM/RR'),'TP. Vũng Tàu','0451678572','VATLY','Đã thôi học');
Insert into "ADMINPDB"."SINHVIEN" (MASV,HOTEN,PHAI,NGSINH,DCHI,DT,KHOA,TINHTRANG) values ('20A380818','Lê Anh Trang','1',to_date('30/07/05','DD/MM/RR'),'Q.3, TP.HCM','0627355112','HOA','Đang học');
Insert into "ADMINPDB"."SINHVIEN" (MASV,HOTEN,PHAI,NGSINH,DCHI,DT,KHOA,TINHTRANG) values ('20A351484','Lê Văn Hà','0',to_date('11/04/05','DD/MM/RR'),'TP. Biên Hòa','0414832857','HOA','Đã tốt nghiệp');
Insert into "ADMINPDB"."SINHVIEN" (MASV,HOTEN,PHAI,NGSINH,DCHI,DT,KHOA,TINHTRANG) values ('20A106017','Nguyễn Văn Hương','1',to_date('26/08/06','DD/MM/RR'),'Q.3, TP.HCM','0970947564','VATLY','Đã tốt nghiệp');
Insert into "ADMINPDB"."SINHVIEN" (MASV,HOTEN,PHAI,NGSINH,DCHI,DT,KHOA,TINHTRANG) values ('20A432385','Đặng Ngọc Châu','1',to_date('28/08/02','DD/MM/RR'),'TP. Đà Nẵng','0369703586','KHKT','Đã thôi học');
Insert into "ADMINPDB"."SINHVIEN" (MASV,HOTEN,PHAI,NGSINH,DCHI,DT,KHOA,TINHTRANG) values ('20A674967','Hoàng Ngọc Quân','1',to_date('01/07/03','DD/MM/RR'),'TP. Thủ Đức','0410001211','HOA','Đang học');
Insert into "ADMINPDB"."SINHVIEN" (MASV,HOTEN,PHAI,NGSINH,DCHI,DT,KHOA,TINHTRANG) values ('20A334802','Vũ Thị An','1',to_date('14/01/07','DD/MM/RR'),'Q.5, TP.HCM','0680579037','TOAN','Đã thôi học');
Insert into "ADMINPDB"."SINHVIEN" (MASV,HOTEN,PHAI,NGSINH,DCHI,DT,KHOA,TINHTRANG) values ('20A394260','Đặng Hữu Vy','0',to_date('31/07/06','DD/MM/RR'),'TP. Cần Thơ','0603196255','SINH','Đang học');
Insert into "ADMINPDB"."SINHVIEN" (MASV,HOTEN,PHAI,NGSINH,DCHI,DT,KHOA,TINHTRANG) values ('20A657043','Hoàng Ngọc An','1',to_date('15/01/05','DD/MM/RR'),'TP. Hà Nội','0480450751','CNTT','Đã thôi học');
Insert into "ADMINPDB"."SINHVIEN" (MASV,HOTEN,PHAI,NGSINH,DCHI,DT,KHOA,TINHTRANG) values ('20A384337','Phạm Anh An','0',to_date('13/04/04','DD/MM/RR'),'TP. Hà Nội','0727255323','SINH','Bảo lưu kết quả học tập');
Insert into "ADMINPDB"."SINHVIEN" (MASV,HOTEN,PHAI,NGSINH,DCHI,DT,KHOA,TINHTRANG) values ('20A539757','Hoàng Ngọc Hương','1',to_date('24/11/05','DD/MM/RR'),'TP. Thủ Đức','0851811509','SINH','Đã tốt nghiệp');
Insert into "ADMINPDB"."SINHVIEN" (MASV,HOTEN,PHAI,NGSINH,DCHI,DT,KHOA,TINHTRANG) values ('20A266553','Phạm Văn Hà','0',to_date('04/12/01','DD/MM/RR'),'TP. Hà Nội','0130953862','VATLY','Bảo lưu kết quả học tập');
Insert into "ADMINPDB"."SINHVIEN" (MASV,HOTEN,PHAI,NGSINH,DCHI,DT,KHOA,TINHTRANG) values ('20A424029','Phạm Văn Trang','1',to_date('09/10/06','DD/MM/RR'),'TP. Cần Thơ','0301681665','HOA','Đã thôi học');
Insert into "ADMINPDB"."SINHVIEN" (MASV,HOTEN,PHAI,NGSINH,DCHI,DT,KHOA,TINHTRANG) values ('20A631982','Trần Gia Tú','1',to_date('02/03/04','DD/MM/RR'),'TP. Biên Hòa','0757124260','HOA','Đã tốt nghiệp');
Insert into "ADMINPDB"."SINHVIEN" (MASV,HOTEN,PHAI,NGSINH,DCHI,DT,KHOA,TINHTRANG) values ('20A980032','Phan Anh Tú','0',to_date('13/09/00','DD/MM/RR'),'Q.5, TP.HCM','0101047709','HOA','Đã thôi học');
Insert into "ADMINPDB"."SINHVIEN" (MASV,HOTEN,PHAI,NGSINH,DCHI,DT,KHOA,TINHTRANG) values ('20A146818','Trần Anh Nam','1',to_date('14/01/01','DD/MM/RR'),'Q.10, TP.HCM','0421769805','KHKT','Đã thôi học');
Insert into "ADMINPDB"."SINHVIEN" (MASV,HOTEN,PHAI,NGSINH,DCHI,DT,KHOA,TINHTRANG) values ('20A360641','Vũ Gia Khánh','0',to_date('11/01/05','DD/MM/RR'),'Q.1, TP.HCM','0199083602','VATLY','Đang học');
Insert into "ADMINPDB"."SINHVIEN" (MASV,HOTEN,PHAI,NGSINH,DCHI,DT,KHOA,TINHTRANG) values ('20A710332','Trần Hữu Châu','1',to_date('19/12/04','DD/MM/RR'),'TP. Biên Hòa','0274253737','KHKT','Đang học');
Insert into "ADMINPDB"."SINHVIEN" (MASV,HOTEN,PHAI,NGSINH,DCHI,DT,KHOA,TINHTRANG) values ('20A966130','Phan Minh Nam','1',to_date('13/01/01','DD/MM/RR'),'TP. Thủ Đức','0778638750','VATLY','Đang học');
Insert into "ADMINPDB"."SINHVIEN" (MASV,HOTEN,PHAI,NGSINH,DCHI,DT,KHOA,TINHTRANG) values ('20A550723','Hoàng Ngọc Linh','0',to_date('14/12/06','DD/MM/RR'),'Q.10, TP.HCM','0708507466','SINH','Đã tốt nghiệp');
Insert into "ADMINPDB"."SINHVIEN" (MASV,HOTEN,PHAI,NGSINH,DCHI,DT,KHOA,TINHTRANG) values ('20A627450','Lê Gia Trang','1',to_date('29/08/05','DD/MM/RR'),'TP. Cần Thơ','0655294896','VATLY','Đang học');
Insert into "ADMINPDB"."SINHVIEN" (MASV,HOTEN,PHAI,NGSINH,DCHI,DT,KHOA,TINHTRANG) values ('20A909967','Phan Hữu An','1',to_date('01/01/01','DD/MM/RR'),'TP. Đà Nẵng','0715853228','TOAN','Bảo lưu kết quả học tập');
Insert into "ADMINPDB"."SINHVIEN" (MASV,HOTEN,PHAI,NGSINH,DCHI,DT,KHOA,TINHTRANG) values ('20A445008','Trần Minh Quân','0',to_date('24/01/01','DD/MM/RR'),'Q.1, TP.HCM','0151190379','SINH','Bảo lưu kết quả học tập');
Insert into "ADMINPDB"."SINHVIEN" (MASV,HOTEN,PHAI,NGSINH,DCHI,DT,KHOA,TINHTRANG) values ('20A501007','Trần Thị Dũng','0',to_date('27/05/02','DD/MM/RR'),'TP. Hà Nội','0927203836','VATLY','Bảo lưu kết quả học tập');
Insert into "ADMINPDB"."SINHVIEN" (MASV,HOTEN,PHAI,NGSINH,DCHI,DT,KHOA,TINHTRANG) values ('20A758759','Lê Thị Bình','0',to_date('29/03/07','DD/MM/RR'),'TP. Thủ Đức','0603345610','TOAN','Đã thôi học');
Insert into "ADMINPDB"."SINHVIEN" (MASV,HOTEN,PHAI,NGSINH,DCHI,DT,KHOA,TINHTRANG) values ('20A945462','Bùi Ngọc Hà','0',to_date('03/05/02','DD/MM/RR'),'TP. Thủ Đức','0557977852','CNTT','Đang học');
Insert into "ADMINPDB"."SINHVIEN" (MASV,HOTEN,PHAI,NGSINH,DCHI,DT,KHOA,TINHTRANG) values ('20A862286','Lê Thị Hương','1',to_date('30/12/01','DD/MM/RR'),'Q.5, TP.HCM','0495513105','KHKT','Bảo lưu kết quả học tập');
Insert into "ADMINPDB"."SINHVIEN" (MASV,HOTEN,PHAI,NGSINH,DCHI,DT,KHOA,TINHTRANG) values ('20A884572','Đặng Thị Châu','1',to_date('24/11/02','DD/MM/RR'),'Q.1, TP.HCM','0518573050','TOAN','Đã thôi học');
Insert into "ADMINPDB"."SINHVIEN" (MASV,HOTEN,PHAI,NGSINH,DCHI,DT,KHOA,TINHTRANG) values ('20A138320','Phạm Thị Phúc','1',to_date('09/10/00','DD/MM/RR'),'TP. Hà Nội','0125916796','KHKT','Đã tốt nghiệp');
Insert into "ADMINPDB"."SINHVIEN" (MASV,HOTEN,PHAI,NGSINH,DCHI,DT,KHOA,TINHTRANG) values ('20A764328','Hoàng Anh An','0',to_date('04/07/05','DD/MM/RR'),'TP. Đà Nẵng','0879433135','CNTT','Bảo lưu kết quả học tập');
Insert into "ADMINPDB"."SINHVIEN" (MASV,HOTEN,PHAI,NGSINH,DCHI,DT,KHOA,TINHTRANG) values ('20A423770','Đặng Hữu Trang','0',to_date('07/03/01','DD/MM/RR'),'TP. Hà Nội','0354083697','KHKT','Đã thôi học');
Insert into "ADMINPDB"."SINHVIEN" (MASV,HOTEN,PHAI,NGSINH,DCHI,DT,KHOA,TINHTRANG) values ('20A628394','Nguyễn Ngọc Nam','0',to_date('09/05/06','DD/MM/RR'),'TP. Hà Nội','0143685022','SINH','Đã thôi học');
Insert into "ADMINPDB"."SINHVIEN" (MASV,HOTEN,PHAI,NGSINH,DCHI,DT,KHOA,TINHTRANG) values ('20A798478','Phạm Gia Bình','0',to_date('16/09/03','DD/MM/RR'),'Q.5, TP.HCM','0425650678','KHKT','Bảo lưu kết quả học tập');
Insert into "ADMINPDB"."SINHVIEN" (MASV,HOTEN,PHAI,NGSINH,DCHI,DT,KHOA,TINHTRANG) values ('20A287793','Nguyễn Minh Hương','1',to_date('15/02/07','DD/MM/RR'),'Q.5, TP.HCM','0630488492','KHKT','Bảo lưu kết quả học tập');
Insert into "ADMINPDB"."SINHVIEN" (MASV,HOTEN,PHAI,NGSINH,DCHI,DT,KHOA,TINHTRANG) values ('20A216341','Hoàng Minh Bình','0',to_date('19/10/06','DD/MM/RR'),'Q.10, TP.HCM','0915026366','KHKT','Đã tốt nghiệp');
Insert into "ADMINPDB"."SINHVIEN" (MASV,HOTEN,PHAI,NGSINH,DCHI,DT,KHOA,TINHTRANG) values ('20A538818','Bùi Hữu Hà','0',to_date('01/04/02','DD/MM/RR'),'TP. Thủ Đức','0722096335','CNTT','Đã thôi học');
Insert into "ADMINPDB"."SINHVIEN" (MASV,HOTEN,PHAI,NGSINH,DCHI,DT,KHOA,TINHTRANG) values ('20A231029','Lê Gia Linh','1',to_date('20/04/01','DD/MM/RR'),'Q.5, TP.HCM','0173772555','CNTT','Bảo lưu kết quả học tập');
Insert into "ADMINPDB"."SINHVIEN" (MASV,HOTEN,PHAI,NGSINH,DCHI,DT,KHOA,TINHTRANG) values ('20A570161','Lê Hữu Trang','0',to_date('13/08/04','DD/MM/RR'),'TP. Biên Hòa','0552970108','HOA','Đang học');
Insert into "ADMINPDB"."SINHVIEN" (MASV,HOTEN,PHAI,NGSINH,DCHI,DT,KHOA,TINHTRANG) values ('20A498195','Nguyễn Minh Trang','0',to_date('18/06/02','DD/MM/RR'),'TP. Hà Nội','0219163270','CNTT','Đã tốt nghiệp');
Insert into "ADMINPDB"."SINHVIEN" (MASV,HOTEN,PHAI,NGSINH,DCHI,DT,KHOA,TINHTRANG) values ('20A367889','Phan Hữu Dũng','0',to_date('14/10/04','DD/MM/RR'),'Q.5, TP.HCM','0205350323','TOAN','Đang học');
Insert into "ADMINPDB"."SINHVIEN" (MASV,HOTEN,PHAI,NGSINH,DCHI,DT,KHOA,TINHTRANG) values ('20A799240','Hoàng Hữu Châu','0',to_date('30/06/03','DD/MM/RR'),'TP. Vũng Tàu','0820472274','TOAN','Bảo lưu kết quả học tập');
Insert into "ADMINPDB"."SINHVIEN" (MASV,HOTEN,PHAI,NGSINH,DCHI,DT,KHOA,TINHTRANG) values ('20A997716','Phan Ngọc Hà','0',to_date('27/01/01','DD/MM/RR'),'Q.3, TP.HCM','0298230913','HOA','Đã tốt nghiệp');
Insert into "ADMINPDB"."SINHVIEN" (MASV,HOTEN,PHAI,NGSINH,DCHI,DT,KHOA,TINHTRANG) values ('20A846662','Đặng Ngọc Dũng','1',to_date('19/08/02','DD/MM/RR'),'Q.3, TP.HCM','0989964466','KHKT','Bảo lưu kết quả học tập');
Insert into "ADMINPDB"."SINHVIEN" (MASV,HOTEN,PHAI,NGSINH,DCHI,DT,KHOA,TINHTRANG) values ('20A220511','Nguyễn Gia An','0',to_date('28/09/05','DD/MM/RR'),'TP. Cần Thơ','0923238918','KHKT','Đã thôi học');
Insert into "ADMINPDB"."SINHVIEN" (MASV,HOTEN,PHAI,NGSINH,DCHI,DT,KHOA,TINHTRANG) values ('20A397536','Trần Minh Phúc','1',to_date('16/02/06','DD/MM/RR'),'TP. Cần Thơ','0343575012','SINH','Đang học');
Insert into "ADMINPDB"."SINHVIEN" (MASV,HOTEN,PHAI,NGSINH,DCHI,DT,KHOA,TINHTRANG) values ('20A937195','Hoàng Ngọc Hà','1',to_date('20/08/01','DD/MM/RR'),'TP. Thủ Đức','0195154235','VATLY','Đang học');
Insert into "ADMINPDB"."SINHVIEN" (MASV,HOTEN,PHAI,NGSINH,DCHI,DT,KHOA,TINHTRANG) values ('20A876086','Lê Ngọc An','1',to_date('01/12/04','DD/MM/RR'),'TP. Vũng Tàu','0896200091','KHKT','Đã tốt nghiệp');
Insert into "ADMINPDB"."SINHVIEN" (MASV,HOTEN,PHAI,NGSINH,DCHI,DT,KHOA,TINHTRANG) values ('20A177504','Trần Văn Vy','1',to_date('02/10/03','DD/MM/RR'),'Q.1, TP.HCM','0971119551','TOAN','Đã tốt nghiệp');
Insert into "ADMINPDB"."SINHVIEN" (MASV,HOTEN,PHAI,NGSINH,DCHI,DT,KHOA,TINHTRANG) values ('20A631407','Lê Ngọc Vy','1',to_date('10/04/02','DD/MM/RR'),'TP. Thủ Đức','0793490136','CNTT','Bảo lưu kết quả học tập');
Insert into "ADMINPDB"."SINHVIEN" (MASV,HOTEN,PHAI,NGSINH,DCHI,DT,KHOA,TINHTRANG) values ('20A464678','Đặng Minh Linh','1',to_date('15/02/06','DD/MM/RR'),'TP. Biên Hòa','0126355249','CNTT','Bảo lưu kết quả học tập');
Insert into "ADMINPDB"."SINHVIEN" (MASV,HOTEN,PHAI,NGSINH,DCHI,DT,KHOA,TINHTRANG) values ('20A345556','Vũ Anh Nam','1',to_date('09/01/04','DD/MM/RR'),'Q.1, TP.HCM','0380978646','KHKT','Bảo lưu kết quả học tập');
Insert into "ADMINPDB"."SINHVIEN" (MASV,HOTEN,PHAI,NGSINH,DCHI,DT,KHOA,TINHTRANG) values ('20A445644','Đặng Minh An','0',to_date('01/06/05','DD/MM/RR'),'Q.5, TP.HCM','0637662510','VATLY','Bảo lưu kết quả học tập');
Insert into "ADMINPDB"."SINHVIEN" (MASV,HOTEN,PHAI,NGSINH,DCHI,DT,KHOA,TINHTRANG) values ('20A781405','Nguyễn Hữu Bình','1',to_date('08/10/06','DD/MM/RR'),'TP. Biên Hòa','0503082672','CNTT','Bảo lưu kết quả học tập');
Insert into "ADMINPDB"."SINHVIEN" (MASV,HOTEN,PHAI,NGSINH,DCHI,DT,KHOA,TINHTRANG) values ('20A790300','Phan Ngọc Bình','1',to_date('10/08/02','DD/MM/RR'),'TP. Cần Thơ','0878058636','TOAN','Đang học');
Insert into "ADMINPDB"."SINHVIEN" (MASV,HOTEN,PHAI,NGSINH,DCHI,DT,KHOA,TINHTRANG) values ('20A399761','Lê Ngọc Dũng','1',to_date('19/10/00','DD/MM/RR'),'Q.3, TP.HCM','0762933556','CNTT','Đang học');
Insert into "ADMINPDB"."SINHVIEN" (MASV,HOTEN,PHAI,NGSINH,DCHI,DT,KHOA,TINHTRANG) values ('20A538385','Nguyễn Gia Nam','0',to_date('23/06/00','DD/MM/RR'),'TP. Hà Nội','0253597339','SINH','Bảo lưu kết quả học tập');
Insert into "ADMINPDB"."SINHVIEN" (MASV,HOTEN,PHAI,NGSINH,DCHI,DT,KHOA,TINHTRANG) values ('20A505297','Nguyễn Văn Nam','1',to_date('23/05/03','DD/MM/RR'),'TP. Biên Hòa','0472829542','HOA','Đã thôi học');
Insert into "ADMINPDB"."SINHVIEN" (MASV,HOTEN,PHAI,NGSINH,DCHI,DT,KHOA,TINHTRANG) values ('20A851533','Nguyễn Thị Vy','1',to_date('23/12/03','DD/MM/RR'),'TP. Thủ Đức','0192153765','TOAN','Bảo lưu kết quả học tập');
Insert into "ADMINPDB"."SINHVIEN" (MASV,HOTEN,PHAI,NGSINH,DCHI,DT,KHOA,TINHTRANG) values ('20A977348','Phạm Ngọc Quân','0',to_date('16/09/04','DD/MM/RR'),'Q.5, TP.HCM','0411270672','SINH','Đã tốt nghiệp');
Insert into "ADMINPDB"."SINHVIEN" (MASV,HOTEN,PHAI,NGSINH,DCHI,DT,KHOA,TINHTRANG) values ('20A761056','Phạm Hữu Linh','1',to_date('04/12/03','DD/MM/RR'),'TP. Thủ Đức','0241038419','VATLY','Đang học');
Insert into "ADMINPDB"."SINHVIEN" (MASV,HOTEN,PHAI,NGSINH,DCHI,DT,KHOA,TINHTRANG) values ('20A472549','Nguyễn Văn Khánh','0',to_date('26/03/03','DD/MM/RR'),'TP. Hà Nội','0175811752','SINH','Đã thôi học');
Insert into "ADMINPDB"."SINHVIEN" (MASV,HOTEN,PHAI,NGSINH,DCHI,DT,KHOA,TINHTRANG) values ('20A699048','Vũ Hữu Quân','1',to_date('14/04/02','DD/MM/RR'),'Q.5, TP.HCM','0277630657','VATLY','Đã tốt nghiệp');
Insert into "ADMINPDB"."SINHVIEN" (MASV,HOTEN,PHAI,NGSINH,DCHI,DT,KHOA,TINHTRANG) values ('20A994544','Hoàng Thị Quân','1',to_date('04/05/06','DD/MM/RR'),'TP. Đà Nẵng','0660698439','HOA','Bảo lưu kết quả học tập');
Insert into "ADMINPDB"."SINHVIEN" (MASV,HOTEN,PHAI,NGSINH,DCHI,DT,KHOA,TINHTRANG) values ('20A994756','Phan Thị Dũng','0',to_date('16/09/00','DD/MM/RR'),'Q.1, TP.HCM','0657309974','SINH','Đang học');
Insert into "ADMINPDB"."SINHVIEN" (MASV,HOTEN,PHAI,NGSINH,DCHI,DT,KHOA,TINHTRANG) values ('20A766799','Trần Hữu An','1',to_date('23/07/03','DD/MM/RR'),'Q.3, TP.HCM','0552068625','CNTT','Bảo lưu kết quả học tập');
Insert into "ADMINPDB"."SINHVIEN" (MASV,HOTEN,PHAI,NGSINH,DCHI,DT,KHOA,TINHTRANG) values ('20A637397','Trần Hữu Linh','1',to_date('26/06/04','DD/MM/RR'),'TP. Thủ Đức','0932425637','HOA','Đã tốt nghiệp');
Insert into "ADMINPDB"."SINHVIEN" (MASV,HOTEN,PHAI,NGSINH,DCHI,DT,KHOA,TINHTRANG) values ('20A447726','Trần Hữu Tú','1',to_date('27/06/05','DD/MM/RR'),'TP. Hà Nội','0977242630','TOAN','Bảo lưu kết quả học tập');
Insert into "ADMINPDB"."SINHVIEN" (MASV,HOTEN,PHAI,NGSINH,DCHI,DT,KHOA,TINHTRANG) values ('20A259743','Trần Minh Tú','1',to_date('05/07/00','DD/MM/RR'),'Q.1, TP.HCM','0835698779','KHKT','Đang học');
Insert into "ADMINPDB"."SINHVIEN" (MASV,HOTEN,PHAI,NGSINH,DCHI,DT,KHOA,TINHTRANG) values ('20A535739','Phan Minh Phúc','0',to_date('27/10/00','DD/MM/RR'),'TP. Cần Thơ','0601383034','SINH','Đã thôi học');
Insert into "ADMINPDB"."SINHVIEN" (MASV,HOTEN,PHAI,NGSINH,DCHI,DT,KHOA,TINHTRANG) values ('20A472952','Lê Minh Hương','0',to_date('27/12/06','DD/MM/RR'),'Q.3, TP.HCM','0418390652','HOA','Đã thôi học');
Insert into "ADMINPDB"."SINHVIEN" (MASV,HOTEN,PHAI,NGSINH,DCHI,DT,KHOA,TINHTRANG) values ('20A123029','Bùi Văn Tú','1',to_date('26/08/04','DD/MM/RR'),'Q.1, TP.HCM','0946094908','KHKT','Đang học');
Insert into "ADMINPDB"."SINHVIEN" (MASV,HOTEN,PHAI,NGSINH,DCHI,DT,KHOA,TINHTRANG) values ('20A593304','Đặng Thị Vy','1',to_date('18/09/05','DD/MM/RR'),'Q.3, TP.HCM','0762034798','SINH','Đang học');
Insert into "ADMINPDB"."SINHVIEN" (MASV,HOTEN,PHAI,NGSINH,DCHI,DT,KHOA,TINHTRANG) values ('20A864461','Vũ Văn Vy','1',to_date('19/11/01','DD/MM/RR'),'TP. Vũng Tàu','0199885680','HOA','Đã thôi học');
Insert into "ADMINPDB"."SINHVIEN" (MASV,HOTEN,PHAI,NGSINH,DCHI,DT,KHOA,TINHTRANG) values ('20A448445','Phạm Gia Dũng','0',to_date('24/01/07','DD/MM/RR'),'TP. Thủ Đức','0372462941','TOAN','Đã tốt nghiệp');
Insert into "ADMINPDB"."SINHVIEN" (MASV,HOTEN,PHAI,NGSINH,DCHI,DT,KHOA,TINHTRANG) values ('20A394318','Bùi Ngọc An','1',to_date('22/08/06','DD/MM/RR'),'TP. Cần Thơ','0539708524','SINH','Đã thôi học');
Insert into "ADMINPDB"."SINHVIEN" (MASV,HOTEN,PHAI,NGSINH,DCHI,DT,KHOA,TINHTRANG) values ('20A623669','Lê Ngọc Nam','1',to_date('18/01/02','DD/MM/RR'),'TP. Biên Hòa','0434297766','VATLY','Đang học');
Insert into "ADMINPDB"."SINHVIEN" (MASV,HOTEN,PHAI,NGSINH,DCHI,DT,KHOA,TINHTRANG) values ('20A229000','Vũ Gia Nam','0',to_date('10/03/01','DD/MM/RR'),'Q.10, TP.HCM','0408206083','HOA','Bảo lưu kết quả học tập');
Insert into "ADMINPDB"."SINHVIEN" (MASV,HOTEN,PHAI,NGSINH,DCHI,DT,KHOA,TINHTRANG) values ('20A906413','Phạm Ngọc Hà','1',to_date('30/01/02','DD/MM/RR'),'Q.10, TP.HCM','0127499982','CNTT','Đang học');
Insert into "ADMINPDB"."SINHVIEN" (MASV,HOTEN,PHAI,NGSINH,DCHI,DT,KHOA,TINHTRANG) values ('20A475757','Đặng Minh Châu','1',to_date('05/01/01','DD/MM/RR'),'TP. Cần Thơ','0458358486','VATLY','Bảo lưu kết quả học tập');
Insert into "ADMINPDB"."SINHVIEN" (MASV,HOTEN,PHAI,NGSINH,DCHI,DT,KHOA,TINHTRANG) values ('20A479291','Vũ Anh Châu','0',to_date('20/02/07','DD/MM/RR'),'TP. Vũng Tàu','0336471558','KHKT','Đã thôi học');
Insert into "ADMINPDB"."SINHVIEN" (MASV,HOTEN,PHAI,NGSINH,DCHI,DT,KHOA,TINHTRANG) values ('20A969419','Trần Ngọc Quân','1',to_date('16/08/00','DD/MM/RR'),'TP. Cần Thơ','0756895747','CNTT','Đã thôi học');
Insert into "ADMINPDB"."SINHVIEN" (MASV,HOTEN,PHAI,NGSINH,DCHI,DT,KHOA,TINHTRANG) values ('20A519151','Trần Thị Châu','1',to_date('05/02/06','DD/MM/RR'),'TP. Cần Thơ','0292659369','CNTT','Đang học');
Insert into "ADMINPDB"."SINHVIEN" (MASV,HOTEN,PHAI,NGSINH,DCHI,DT,KHOA,TINHTRANG) values ('20A923309','Nguyễn Thị Trang','1',to_date('25/09/00','DD/MM/RR'),'Q.10, TP.HCM','0412461143','TOAN','Đang học');
Insert into "ADMINPDB"."SINHVIEN" (MASV,HOTEN,PHAI,NGSINH,DCHI,DT,KHOA,TINHTRANG) values ('20A979027','Đặng Gia Bình','0',to_date('23/03/06','DD/MM/RR'),'TP. Đà Nẵng','0718823286','CNTT','Đã tốt nghiệp');
Insert into "ADMINPDB"."SINHVIEN" (MASV,HOTEN,PHAI,NGSINH,DCHI,DT,KHOA,TINHTRANG) values ('20A723145','Lê Ngọc Tú','1',to_date('07/08/04','DD/MM/RR'),'Q.1, TP.HCM','0397333013','CNTT','Đã tốt nghiệp');
Insert into "ADMINPDB"."SINHVIEN" (MASV,HOTEN,PHAI,NGSINH,DCHI,DT,KHOA,TINHTRANG) values ('20A297948','Nguyễn Ngọc Quân','0',to_date('22/08/02','DD/MM/RR'),'Q.5, TP.HCM','0936596607','SINH','Đã thôi học');
Insert into "ADMINPDB"."SINHVIEN" (MASV,HOTEN,PHAI,NGSINH,DCHI,DT,KHOA,TINHTRANG) values ('20A512123','Phạm Văn An','1',to_date('09/01/02','DD/MM/RR'),'TP. Biên Hòa','0903705231','TOAN','Đã tốt nghiệp');
Insert into "ADMINPDB"."SINHVIEN" (MASV,HOTEN,PHAI,NGSINH,DCHI,DT,KHOA,TINHTRANG) values ('20A244116','Nguyễn Văn Quân','1',to_date('14/07/02','DD/MM/RR'),'Q.10, TP.HCM','0858571775','CNTT','Đã thôi học');
Insert into "ADMINPDB"."SINHVIEN" (MASV,HOTEN,PHAI,NGSINH,DCHI,DT,KHOA,TINHTRANG) values ('20A886591','Nguyễn Văn Châu','0',to_date('07/01/02','DD/MM/RR'),'Q.10, TP.HCM','0398412684','VATLY','Bảo lưu kết quả học tập');
Insert into "ADMINPDB"."SINHVIEN" (MASV,HOTEN,PHAI,NGSINH,DCHI,DT,KHOA,TINHTRANG) values ('20A437903','Bùi Minh Tú','0',to_date('26/11/06','DD/MM/RR'),'TP. Đà Nẵng','0179218681','TOAN','Bảo lưu kết quả học tập');
Insert into "ADMINPDB"."SINHVIEN" (MASV,HOTEN,PHAI,NGSINH,DCHI,DT,KHOA,TINHTRANG) values ('20A970154','Phan Gia Tú','0',to_date('02/06/03','DD/MM/RR'),'TP. Cần Thơ','0100907406','SINH','Đang học');
Insert into "ADMINPDB"."SINHVIEN" (MASV,HOTEN,PHAI,NGSINH,DCHI,DT,KHOA,TINHTRANG) values ('20A672266','Nguyễn Minh Phúc','0',to_date('14/01/05','DD/MM/RR'),'TP. Thủ Đức','0857818478','CNTT','Đã tốt nghiệp');
Insert into "ADMINPDB"."SINHVIEN" (MASV,HOTEN,PHAI,NGSINH,DCHI,DT,KHOA,TINHTRANG) values ('20A302005','Phan Gia An','0',to_date('24/12/01','DD/MM/RR'),'TP. Thủ Đức','0223459206','KHKT','Đang học');
Insert into "ADMINPDB"."SINHVIEN" (MASV,HOTEN,PHAI,NGSINH,DCHI,DT,KHOA,TINHTRANG) values ('20A700021','Hoàng Hữu Châu','0',to_date('09/05/04','DD/MM/RR'),'TP. Cần Thơ','0354260234','CNTT','Đã thôi học');
Insert into "ADMINPDB"."SINHVIEN" (MASV,HOTEN,PHAI,NGSINH,DCHI,DT,KHOA,TINHTRANG) values ('20A281772','Phan Gia Quân','1',to_date('31/07/03','DD/MM/RR'),'TP. Biên Hòa','0512051664','VATLY','Bảo lưu kết quả học tập');
Insert into "ADMINPDB"."SINHVIEN" (MASV,HOTEN,PHAI,NGSINH,DCHI,DT,KHOA,TINHTRANG) values ('20A284039','Vũ Minh Hà','0',to_date('10/06/05','DD/MM/RR'),'TP. Hà Nội','0767887697','VATLY','Đã tốt nghiệp');
Insert into "ADMINPDB"."SINHVIEN" (MASV,HOTEN,PHAI,NGSINH,DCHI,DT,KHOA,TINHTRANG) values ('20A724751','Nguyễn Anh Châu','0',to_date('23/05/03','DD/MM/RR'),'TP. Cần Thơ','0243484474','VATLY','Đang học');
Insert into "ADMINPDB"."SINHVIEN" (MASV,HOTEN,PHAI,NGSINH,DCHI,DT,KHOA,TINHTRANG) values ('20A935285','Nguyễn Hữu Nam','1',to_date('11/04/01','DD/MM/RR'),'TP. Đà Nẵng','0497350913','VATLY','Đang học');
Insert into "ADMINPDB"."SINHVIEN" (MASV,HOTEN,PHAI,NGSINH,DCHI,DT,KHOA,TINHTRANG) values ('20A782973','Lê Thị Bình','1',to_date('13/02/03','DD/MM/RR'),'TP. Thủ Đức','0892742125','HOA','Đã thôi học');
Insert into "ADMINPDB"."SINHVIEN" (MASV,HOTEN,PHAI,NGSINH,DCHI,DT,KHOA,TINHTRANG) values ('20A395798','Vũ Ngọc Hương','0',to_date('04/08/04','DD/MM/RR'),'TP. Biên Hòa','0260369634','CNTT','Đã tốt nghiệp');
Insert into "ADMINPDB"."SINHVIEN" (MASV,HOTEN,PHAI,NGSINH,DCHI,DT,KHOA,TINHTRANG) values ('20A950878','Nguyễn Hữu Phúc','0',to_date('25/10/03','DD/MM/RR'),'TP. Biên Hòa','0173010189','VATLY','Bảo lưu kết quả học tập');
Insert into "ADMINPDB"."SINHVIEN" (MASV,HOTEN,PHAI,NGSINH,DCHI,DT,KHOA,TINHTRANG) values ('20A307581','Phan Anh Trang','0',to_date('23/02/04','DD/MM/RR'),'Q.5, TP.HCM','0592814075','KHKT','Đang học');
Insert into "ADMINPDB"."SINHVIEN" (MASV,HOTEN,PHAI,NGSINH,DCHI,DT,KHOA,TINHTRANG) values ('20A425952','Đặng Hữu Khánh','1',to_date('05/04/03','DD/MM/RR'),'TP. Vũng Tàu','0200137234','VATLY','Bảo lưu kết quả học tập');
Insert into "ADMINPDB"."SINHVIEN" (MASV,HOTEN,PHAI,NGSINH,DCHI,DT,KHOA,TINHTRANG) values ('20A383897','Nguyễn Anh Bình','1',to_date('07/10/03','DD/MM/RR'),'Q.10, TP.HCM','0765995493','VATLY','Bảo lưu kết quả học tập');
Insert into "ADMINPDB"."SINHVIEN" (MASV,HOTEN,PHAI,NGSINH,DCHI,DT,KHOA,TINHTRANG) values ('20A897045','Đặng Ngọc Phúc','0',to_date('08/03/05','DD/MM/RR'),'TP. Vũng Tàu','0949326541','SINH','Đã thôi học');
Insert into "ADMINPDB"."SINHVIEN" (MASV,HOTEN,PHAI,NGSINH,DCHI,DT,KHOA,TINHTRANG) values ('20A466414','Hoàng Thị Trang','0',to_date('04/01/02','DD/MM/RR'),'Q.1, TP.HCM','0311076701','TOAN','Đã tốt nghiệp');
Insert into "ADMINPDB"."SINHVIEN" (MASV,HOTEN,PHAI,NGSINH,DCHI,DT,KHOA,TINHTRANG) values ('20A146845','Hoàng Thị Trang','1',to_date('07/04/04','DD/MM/RR'),'Q.10, TP.HCM','0559710348','TOAN','Bảo lưu kết quả học tập');
Insert into "ADMINPDB"."SINHVIEN" (MASV,HOTEN,PHAI,NGSINH,DCHI,DT,KHOA,TINHTRANG) values ('20A665175','Hoàng Văn Linh','0',to_date('29/12/01','DD/MM/RR'),'TP. Vũng Tàu','0576784661','HOA','Đang học');
Insert into "ADMINPDB"."SINHVIEN" (MASV,HOTEN,PHAI,NGSINH,DCHI,DT,KHOA,TINHTRANG) values ('20A979068','Nguyễn Văn Quân','0',to_date('08/04/05','DD/MM/RR'),'TP. Đà Nẵng','0145716574','HOA','Đã thôi học');
Insert into "ADMINPDB"."SINHVIEN" (MASV,HOTEN,PHAI,NGSINH,DCHI,DT,KHOA,TINHTRANG) values ('20A589023','Hoàng Văn Linh','1',to_date('19/09/05','DD/MM/RR'),'Q.1, TP.HCM','0236190106','SINH','Đã tốt nghiệp');
Insert into "ADMINPDB"."SINHVIEN" (MASV,HOTEN,PHAI,NGSINH,DCHI,DT,KHOA,TINHTRANG) values ('20A437746','Phạm Gia Phúc','0',to_date('27/06/00','DD/MM/RR'),'Q.10, TP.HCM','0145516359','HOA','Đã thôi học');
Insert into "ADMINPDB"."SINHVIEN" (MASV,HOTEN,PHAI,NGSINH,DCHI,DT,KHOA,TINHTRANG) values ('20A964538','Bùi Gia Bình','1',to_date('07/08/01','DD/MM/RR'),'TP. Biên Hòa','0359734826','KHKT','Đã tốt nghiệp');
Insert into "ADMINPDB"."SINHVIEN" (MASV,HOTEN,PHAI,NGSINH,DCHI,DT,KHOA,TINHTRANG) values ('20A168375','Nguyễn Anh Linh','0',to_date('27/01/02','DD/MM/RR'),'Q.10, TP.HCM','0388864851','HOA','Đã tốt nghiệp');
Insert into "ADMINPDB"."SINHVIEN" (MASV,HOTEN,PHAI,NGSINH,DCHI,DT,KHOA,TINHTRANG) values ('20A227380','Nguyễn Thị Tú','0',to_date('02/04/06','DD/MM/RR'),'Q.3, TP.HCM','0615095289','CNTT','Đã thôi học');
Insert into "ADMINPDB"."SINHVIEN" (MASV,HOTEN,PHAI,NGSINH,DCHI,DT,KHOA,TINHTRANG) values ('20A173572','Bùi Văn Phúc','1',to_date('06/07/04','DD/MM/RR'),'TP. Vũng Tàu','0325666518','KHKT','Đang học');
Insert into "ADMINPDB"."SINHVIEN" (MASV,HOTEN,PHAI,NGSINH,DCHI,DT,KHOA,TINHTRANG) values ('20A816451','Phan Hữu Linh','1',to_date('06/02/02','DD/MM/RR'),'Q.1, TP.HCM','0848190328','VATLY','Đã thôi học');
Insert into "ADMINPDB"."SINHVIEN" (MASV,HOTEN,PHAI,NGSINH,DCHI,DT,KHOA,TINHTRANG) values ('20A555006','Lê Thị Hương','0',to_date('03/05/05','DD/MM/RR'),'TP. Vũng Tàu','0915939031','KHKT','Đã thôi học');
Insert into "ADMINPDB"."SINHVIEN" (MASV,HOTEN,PHAI,NGSINH,DCHI,DT,KHOA,TINHTRANG) values ('20A200800','Lê Thị Tú','1',to_date('04/07/01','DD/MM/RR'),'TP. Cần Thơ','0255888734','HOA','Bảo lưu kết quả học tập');
Insert into "ADMINPDB"."SINHVIEN" (MASV,HOTEN,PHAI,NGSINH,DCHI,DT,KHOA,TINHTRANG) values ('20A855242','Phạm Thị Nam','0',to_date('17/01/04','DD/MM/RR'),'Q.3, TP.HCM','0165388860','CNTT','Đã thôi học');
Insert into "ADMINPDB"."SINHVIEN" (MASV,HOTEN,PHAI,NGSINH,DCHI,DT,KHOA,TINHTRANG) values ('20A514327','Lê Ngọc Phúc','1',to_date('21/03/04','DD/MM/RR'),'Q.10, TP.HCM','0826693154','SINH','Đã tốt nghiệp');
Insert into "ADMINPDB"."SINHVIEN" (MASV,HOTEN,PHAI,NGSINH,DCHI,DT,KHOA,TINHTRANG) values ('20A697493','Nguyễn Minh Tú','0',to_date('03/01/07','DD/MM/RR'),'TP. Đà Nẵng','0726369529','VATLY','Bảo lưu kết quả học tập');
Insert into "ADMINPDB"."SINHVIEN" (MASV,HOTEN,PHAI,NGSINH,DCHI,DT,KHOA,TINHTRANG) values ('20A539531','Bùi Gia Vy','0',to_date('08/04/02','DD/MM/RR'),'TP. Vũng Tàu','0945946956','SINH','Bảo lưu kết quả học tập');
Insert into "ADMINPDB"."SINHVIEN" (MASV,HOTEN,PHAI,NGSINH,DCHI,DT,KHOA,TINHTRANG) values ('20A276141','Phạm Hữu Hà','0',to_date('18/10/04','DD/MM/RR'),'TP. Cần Thơ','0814576348','HOA','Đã thôi học');
Insert into "ADMINPDB"."SINHVIEN" (MASV,HOTEN,PHAI,NGSINH,DCHI,DT,KHOA,TINHTRANG) values ('20A441797','Bùi Văn Hà','1',to_date('24/01/05','DD/MM/RR'),'Q.1, TP.HCM','0574612998','VATLY','Đang học');
Insert into "ADMINPDB"."SINHVIEN" (MASV,HOTEN,PHAI,NGSINH,DCHI,DT,KHOA,TINHTRANG) values ('20A554674','Trần Thị Trang','0',to_date('30/03/07','DD/MM/RR'),'TP. Hà Nội','0511611765','KHKT','Đang học');
Insert into "ADMINPDB"."SINHVIEN" (MASV,HOTEN,PHAI,NGSINH,DCHI,DT,KHOA,TINHTRANG) values ('20A865077','Phan Gia Trang','0',to_date('04/04/01','DD/MM/RR'),'TP. Vũng Tàu','0847752368','HOA','Đã thôi học');
Insert into "ADMINPDB"."SINHVIEN" (MASV,HOTEN,PHAI,NGSINH,DCHI,DT,KHOA,TINHTRANG) values ('20A661337','Bùi Minh An','1',to_date('28/07/00','DD/MM/RR'),'Q.10, TP.HCM','0623013493','SINH','Đang học');
Insert into "ADMINPDB"."SINHVIEN" (MASV,HOTEN,PHAI,NGSINH,DCHI,DT,KHOA,TINHTRANG) values ('20A709030','Nguyễn Hữu Vy','1',to_date('02/11/02','DD/MM/RR'),'TP. Thủ Đức','0221483865','TOAN','Bảo lưu kết quả học tập');
Insert into "ADMINPDB"."SINHVIEN" (MASV,HOTEN,PHAI,NGSINH,DCHI,DT,KHOA,TINHTRANG) values ('20A652066','Bùi Gia Trang','1',to_date('29/03/06','DD/MM/RR'),'TP. Cần Thơ','0228370185','HOA','Bảo lưu kết quả học tập');
Insert into "ADMINPDB"."SINHVIEN" (MASV,HOTEN,PHAI,NGSINH,DCHI,DT,KHOA,TINHTRANG) values ('20A657789','Đặng Anh Bình','0',to_date('26/08/02','DD/MM/RR'),'Q.1, TP.HCM','0989284692','VATLY','Đang học');
Insert into "ADMINPDB"."SINHVIEN" (MASV,HOTEN,PHAI,NGSINH,DCHI,DT,KHOA,TINHTRANG) values ('20A742633','Lê Anh Bình','0',to_date('15/10/03','DD/MM/RR'),'TP. Thủ Đức','0936567727','CNTT','Bảo lưu kết quả học tập');
Insert into "ADMINPDB"."SINHVIEN" (MASV,HOTEN,PHAI,NGSINH,DCHI,DT,KHOA,TINHTRANG) values ('20A261735','Lê Hữu Nam','0',to_date('13/06/03','DD/MM/RR'),'Q.10, TP.HCM','0151439694','CNTT','Đã thôi học');
Insert into "ADMINPDB"."SINHVIEN" (MASV,HOTEN,PHAI,NGSINH,DCHI,DT,KHOA,TINHTRANG) values ('20A567912','Trần Gia Dũng','0',to_date('02/08/06','DD/MM/RR'),'Q.1, TP.HCM','0933862001','TOAN','Bảo lưu kết quả học tập');
Insert into "ADMINPDB"."SINHVIEN" (MASV,HOTEN,PHAI,NGSINH,DCHI,DT,KHOA,TINHTRANG) values ('20A363156','Nguyễn Thị Vy','1',to_date('22/11/02','DD/MM/RR'),'Q.3, TP.HCM','0976871180','KHKT','Bảo lưu kết quả học tập');
Insert into "ADMINPDB"."SINHVIEN" (MASV,HOTEN,PHAI,NGSINH,DCHI,DT,KHOA,TINHTRANG) values ('20A886608','Bùi Hữu Bình','1',to_date('24/08/00','DD/MM/RR'),'TP. Hà Nội','0426202518','VATLY','Bảo lưu kết quả học tập');
Insert into "ADMINPDB"."SINHVIEN" (MASV,HOTEN,PHAI,NGSINH,DCHI,DT,KHOA,TINHTRANG) values ('20A659905','Phạm Gia Khánh','0',to_date('16/08/03','DD/MM/RR'),'Q.3, TP.HCM','0559276643','HOA','Bảo lưu kết quả học tập');
Insert into "ADMINPDB"."SINHVIEN" (MASV,HOTEN,PHAI,NGSINH,DCHI,DT,KHOA,TINHTRANG) values ('20A629850','Đặng Minh Vy','0',to_date('17/06/00','DD/MM/RR'),'TP. Đà Nẵng','0633320051','VATLY','Bảo lưu kết quả học tập');
Insert into "ADMINPDB"."SINHVIEN" (MASV,HOTEN,PHAI,NGSINH,DCHI,DT,KHOA,TINHTRANG) values ('20A782937','Nguyễn Anh Linh','1',to_date('04/01/07','DD/MM/RR'),'TP. Vũng Tàu','0765431565','TOAN','Đã thôi học');
Insert into "ADMINPDB"."SINHVIEN" (MASV,HOTEN,PHAI,NGSINH,DCHI,DT,KHOA,TINHTRANG) values ('20A536488','Phạm Ngọc Quân','0',to_date('06/10/00','DD/MM/RR'),'Q.5, TP.HCM','0990986666','TOAN','Đang học');
Insert into "ADMINPDB"."SINHVIEN" (MASV,HOTEN,PHAI,NGSINH,DCHI,DT,KHOA,TINHTRANG) values ('20A695056','Phạm Hữu Dũng','1',to_date('05/12/05','DD/MM/RR'),'TP. Thủ Đức','0390500827','CNTT','Bảo lưu kết quả học tập');
Insert into "ADMINPDB"."SINHVIEN" (MASV,HOTEN,PHAI,NGSINH,DCHI,DT,KHOA,TINHTRANG) values ('20A342802','Vũ Gia Bình','0',to_date('28/08/05','DD/MM/RR'),'TP. Đà Nẵng','0159488025','KHKT','Đang học');
Insert into "ADMINPDB"."SINHVIEN" (MASV,HOTEN,PHAI,NGSINH,DCHI,DT,KHOA,TINHTRANG) values ('20A638670','Đặng Minh Phúc','0',to_date('09/03/03','DD/MM/RR'),'Q.10, TP.HCM','0429155337','HOA','Đang học');
Insert into "ADMINPDB"."SINHVIEN" (MASV,HOTEN,PHAI,NGSINH,DCHI,DT,KHOA,TINHTRANG) values ('20A475697','Hoàng Hữu Nam','0',to_date('28/06/06','DD/MM/RR'),'Q.3, TP.HCM','0466327747','CNTT','Đã tốt nghiệp');
Insert into "ADMINPDB"."SINHVIEN" (MASV,HOTEN,PHAI,NGSINH,DCHI,DT,KHOA,TINHTRANG) values ('20A900453','Đặng Minh Linh','0',to_date('22/09/04','DD/MM/RR'),'TP. Vũng Tàu','0679811026','KHKT','Bảo lưu kết quả học tập');
Insert into "ADMINPDB"."SINHVIEN" (MASV,HOTEN,PHAI,NGSINH,DCHI,DT,KHOA,TINHTRANG) values ('20A627246','Trần Ngọc Hà','1',to_date('12/05/00','DD/MM/RR'),'Q.3, TP.HCM','0912817433','SINH','Đang học');
Insert into "ADMINPDB"."SINHVIEN" (MASV,HOTEN,PHAI,NGSINH,DCHI,DT,KHOA,TINHTRANG) values ('20A450124','Hoàng Ngọc Bình','1',to_date('10/04/01','DD/MM/RR'),'Q.5, TP.HCM','0235639205','HOA','Đã thôi học');
Insert into "ADMINPDB"."SINHVIEN" (MASV,HOTEN,PHAI,NGSINH,DCHI,DT,KHOA,TINHTRANG) values ('20A595771','Vũ Anh An','1',to_date('30/08/06','DD/MM/RR'),'Q.1, TP.HCM','0846328062','VATLY','Bảo lưu kết quả học tập');
Insert into "ADMINPDB"."SINHVIEN" (MASV,HOTEN,PHAI,NGSINH,DCHI,DT,KHOA,TINHTRANG) values ('20A670978','Nguyễn Anh Hương','0',to_date('24/10/05','DD/MM/RR'),'Q.10, TP.HCM','0230730665','SINH','Đã tốt nghiệp');
Insert into "ADMINPDB"."SINHVIEN" (MASV,HOTEN,PHAI,NGSINH,DCHI,DT,KHOA,TINHTRANG) values ('20A202746','Phạm Thị Phúc','0',to_date('11/06/03','DD/MM/RR'),'TP. Hà Nội','0104521178','SINH','Đã tốt nghiệp');
Insert into "ADMINPDB"."SINHVIEN" (MASV,HOTEN,PHAI,NGSINH,DCHI,DT,KHOA,TINHTRANG) values ('20A837005','Bùi Anh Phúc','1',to_date('24/07/04','DD/MM/RR'),'TP. Biên Hòa','0427952750','CNTT','Đang học');
Insert into "ADMINPDB"."SINHVIEN" (MASV,HOTEN,PHAI,NGSINH,DCHI,DT,KHOA,TINHTRANG) values ('20A499510','Bùi Gia An','1',to_date('21/09/02','DD/MM/RR'),'Q.5, TP.HCM','0237689300','VATLY','Đã thôi học');
Insert into "ADMINPDB"."SINHVIEN" (MASV,HOTEN,PHAI,NGSINH,DCHI,DT,KHOA,TINHTRANG) values ('20A339809','Phan Gia Bình','0',to_date('17/03/02','DD/MM/RR'),'TP. Hà Nội','0645170907','TOAN','Bảo lưu kết quả học tập');
Insert into "ADMINPDB"."SINHVIEN" (MASV,HOTEN,PHAI,NGSINH,DCHI,DT,KHOA,TINHTRANG) values ('20A831662','Bùi Gia Dũng','0',to_date('30/04/06','DD/MM/RR'),'Q.5, TP.HCM','0265096010','VATLY','Đã thôi học');
Insert into "ADMINPDB"."SINHVIEN" (MASV,HOTEN,PHAI,NGSINH,DCHI,DT,KHOA,TINHTRANG) values ('20A763104','Nguyễn Gia Dũng','1',to_date('18/11/03','DD/MM/RR'),'TP. Đà Nẵng','0883108468','TOAN','Bảo lưu kết quả học tập');
Insert into "ADMINPDB"."SINHVIEN" (MASV,HOTEN,PHAI,NGSINH,DCHI,DT,KHOA,TINHTRANG) values ('20A253708','Đặng Minh Châu','1',to_date('03/07/06','DD/MM/RR'),'TP. Cần Thơ','0865526448','TOAN','Đã thôi học');
Insert into "ADMINPDB"."SINHVIEN" (MASV,HOTEN,PHAI,NGSINH,DCHI,DT,KHOA,TINHTRANG) values ('20A340451','Phan Ngọc Châu','1',to_date('03/11/03','DD/MM/RR'),'TP. Vũng Tàu','0277490719','HOA','Đã tốt nghiệp');
Insert into "ADMINPDB"."SINHVIEN" (MASV,HOTEN,PHAI,NGSINH,DCHI,DT,KHOA,TINHTRANG) values ('20A335834','Đặng Văn Bình','0',to_date('13/09/00','DD/MM/RR'),'Q.5, TP.HCM','0475435347','TOAN','Đã thôi học');
Insert into "ADMINPDB"."SINHVIEN" (MASV,HOTEN,PHAI,NGSINH,DCHI,DT,KHOA,TINHTRANG) values ('20A305478','Phạm Thị Khánh','0',to_date('31/05/03','DD/MM/RR'),'TP. Thủ Đức','0531001360','TOAN','Đã tốt nghiệp');
Insert into "ADMINPDB"."SINHVIEN" (MASV,HOTEN,PHAI,NGSINH,DCHI,DT,KHOA,TINHTRANG) values ('20A400752','Lê Gia Trang','1',to_date('26/09/05','DD/MM/RR'),'TP. Vũng Tàu','0171793473','SINH','Đang học');
Insert into "ADMINPDB"."SINHVIEN" (MASV,HOTEN,PHAI,NGSINH,DCHI,DT,KHOA,TINHTRANG) values ('20A820322','Phan Hữu Tú','1',to_date('23/11/02','DD/MM/RR'),'TP. Đà Nẵng','0338547000','HOA','Đang học');
Insert into "ADMINPDB"."SINHVIEN" (MASV,HOTEN,PHAI,NGSINH,DCHI,DT,KHOA,TINHTRANG) values ('20A316934','Nguyễn Ngọc Bình','1',to_date('17/04/05','DD/MM/RR'),'Q.3, TP.HCM','0820780363','TOAN','Đang học');
Insert into "ADMINPDB"."SINHVIEN" (MASV,HOTEN,PHAI,NGSINH,DCHI,DT,KHOA,TINHTRANG) values ('20A453984','Lê Thị Nam','0',to_date('07/08/00','DD/MM/RR'),'Q.1, TP.HCM','0392913877','HOA','Đang học');
Insert into "ADMINPDB"."SINHVIEN" (MASV,HOTEN,PHAI,NGSINH,DCHI,DT,KHOA,TINHTRANG) values ('20A593707','Hoàng Thị Nam','1',to_date('01/12/06','DD/MM/RR'),'TP. Đà Nẵng','0280204188','CNTT','Đang học');
Insert into "ADMINPDB"."SINHVIEN" (MASV,HOTEN,PHAI,NGSINH,DCHI,DT,KHOA,TINHTRANG) values ('20A483828','Trần Anh Tú','1',to_date('18/10/01','DD/MM/RR'),'Q.1, TP.HCM','0278129490','TOAN','Đã tốt nghiệp');
Insert into "ADMINPDB"."SINHVIEN" (MASV,HOTEN,PHAI,NGSINH,DCHI,DT,KHOA,TINHTRANG) values ('20A546416','Phạm Thị Quân','1',to_date('24/06/01','DD/MM/RR'),'Q.1, TP.HCM','0523992124','VATLY','Đã thôi học');
Insert into "ADMINPDB"."SINHVIEN" (MASV,HOTEN,PHAI,NGSINH,DCHI,DT,KHOA,TINHTRANG) values ('20A315724','Vũ Ngọc Nam','0',to_date('13/06/03','DD/MM/RR'),'TP. Cần Thơ','0641038761','KHKT','Đã tốt nghiệp');
Insert into "ADMINPDB"."SINHVIEN" (MASV,HOTEN,PHAI,NGSINH,DCHI,DT,KHOA,TINHTRANG) values ('20A332837','Vũ Ngọc Vy','0',to_date('18/02/06','DD/MM/RR'),'Q.10, TP.HCM','0823301264','TOAN','Đã tốt nghiệp');
Insert into "ADMINPDB"."SINHVIEN" (MASV,HOTEN,PHAI,NGSINH,DCHI,DT,KHOA,TINHTRANG) values ('20A601476','Phạm Minh Hương','1',to_date('02/01/05','DD/MM/RR'),'TP. Thủ Đức','0970472024','VATLY','Đã tốt nghiệp');
Insert into "ADMINPDB"."SINHVIEN" (MASV,HOTEN,PHAI,NGSINH,DCHI,DT,KHOA,TINHTRANG) values ('20A365557','Phan Ngọc Bình','1',to_date('15/05/00','DD/MM/RR'),'Q.3, TP.HCM','0210184401','TOAN','Đã tốt nghiệp');
Insert into "ADMINPDB"."SINHVIEN" (MASV,HOTEN,PHAI,NGSINH,DCHI,DT,KHOA,TINHTRANG) values ('20A130458','Trần Hữu Châu','1',to_date('03/11/02','DD/MM/RR'),'Q.1, TP.HCM','0908387137','VATLY','Đang học');
Insert into "ADMINPDB"."SINHVIEN" (MASV,HOTEN,PHAI,NGSINH,DCHI,DT,KHOA,TINHTRANG) values ('20A327494','Phạm Thị Phúc','1',to_date('21/03/01','DD/MM/RR'),'TP. Hà Nội','0652922649','HOA','Đang học');
Insert into "ADMINPDB"."SINHVIEN" (MASV,HOTEN,PHAI,NGSINH,DCHI,DT,KHOA,TINHTRANG) values ('20A669393','Trần Gia Trang','1',to_date('02/07/00','DD/MM/RR'),'TP. Thủ Đức','0240547991','TOAN','Đã tốt nghiệp');
Insert into "ADMINPDB"."SINHVIEN" (MASV,HOTEN,PHAI,NGSINH,DCHI,DT,KHOA,TINHTRANG) values ('20A729578','Phạm Hữu Linh','0',to_date('03/04/05','DD/MM/RR'),'TP. Vũng Tàu','0176274782','VATLY','Đã thôi học');
Insert into "ADMINPDB"."SINHVIEN" (MASV,HOTEN,PHAI,NGSINH,DCHI,DT,KHOA,TINHTRANG) values ('20A614612','Bùi Văn Linh','0',to_date('06/08/02','DD/MM/RR'),'Q.3, TP.HCM','0967647907','HOA','Đã thôi học');
Insert into "ADMINPDB"."SINHVIEN" (MASV,HOTEN,PHAI,NGSINH,DCHI,DT,KHOA,TINHTRANG) values ('20A623653','Trần Anh Phúc','1',to_date('15/07/00','DD/MM/RR'),'TP. Vũng Tàu','0328942908','HOA','Đang học');
Insert into "ADMINPDB"."SINHVIEN" (MASV,HOTEN,PHAI,NGSINH,DCHI,DT,KHOA,TINHTRANG) values ('20A519676','Vũ Hữu Quân','0',to_date('17/04/03','DD/MM/RR'),'Q.1, TP.HCM','0681481651','SINH','Đang học');
Insert into "ADMINPDB"."SINHVIEN" (MASV,HOTEN,PHAI,NGSINH,DCHI,DT,KHOA,TINHTRANG) values ('20A662403','Hoàng Ngọc Vy','1',to_date('19/07/03','DD/MM/RR'),'TP. Thủ Đức','0286961446','KHKT','Đã thôi học');
Insert into "ADMINPDB"."SINHVIEN" (MASV,HOTEN,PHAI,NGSINH,DCHI,DT,KHOA,TINHTRANG) values ('20A663292','Lê Thị Vy','0',to_date('06/09/01','DD/MM/RR'),'TP. Đà Nẵng','0382448098','VATLY','Đã tốt nghiệp');
Insert into "ADMINPDB"."SINHVIEN" (MASV,HOTEN,PHAI,NGSINH,DCHI,DT,KHOA,TINHTRANG) values ('20A841872','Nguyễn Gia Bình','1',to_date('02/03/01','DD/MM/RR'),'TP. Biên Hòa','0611179084','SINH','Bảo lưu kết quả học tập');
Insert into "ADMINPDB"."SINHVIEN" (MASV,HOTEN,PHAI,NGSINH,DCHI,DT,KHOA,TINHTRANG) values ('20A356762','Lê Minh Hà','0',to_date('18/12/03','DD/MM/RR'),'TP. Biên Hòa','0845343177','TOAN','Đã tốt nghiệp');
Insert into "ADMINPDB"."SINHVIEN" (MASV,HOTEN,PHAI,NGSINH,DCHI,DT,KHOA,TINHTRANG) values ('20A312723','Trần Văn Trang','1',to_date('28/08/00','DD/MM/RR'),'TP. Biên Hòa','0472110794','CNTT','Đã tốt nghiệp');
Insert into "ADMINPDB"."SINHVIEN" (MASV,HOTEN,PHAI,NGSINH,DCHI,DT,KHOA,TINHTRANG) values ('20A419487','Phạm Anh Quân','1',to_date('18/03/05','DD/MM/RR'),'TP. Vũng Tàu','0249195643','KHKT','Đã tốt nghiệp');
Insert into "ADMINPDB"."SINHVIEN" (MASV,HOTEN,PHAI,NGSINH,DCHI,DT,KHOA,TINHTRANG) values ('20A846961','Đặng Thị Dũng','0',to_date('03/03/03','DD/MM/RR'),'Q.5, TP.HCM','0307606795','SINH','Đang học');
Insert into "ADMINPDB"."SINHVIEN" (MASV,HOTEN,PHAI,NGSINH,DCHI,DT,KHOA,TINHTRANG) values ('20A987326','Bùi Hữu An','1',to_date('11/04/06','DD/MM/RR'),'Q.10, TP.HCM','0891066356','TOAN','Đã tốt nghiệp');
Insert into "ADMINPDB"."SINHVIEN" (MASV,HOTEN,PHAI,NGSINH,DCHI,DT,KHOA,TINHTRANG) values ('20A910017','Phan Thị Hà','0',to_date('16/06/06','DD/MM/RR'),'Q.1, TP.HCM','0123641124','HOA','Đã thôi học');
Insert into "ADMINPDB"."SINHVIEN" (MASV,HOTEN,PHAI,NGSINH,DCHI,DT,KHOA,TINHTRANG) values ('20A374790','Vũ Hữu Quân','1',to_date('16/06/04','DD/MM/RR'),'TP. Cần Thơ','0616013517','TOAN','Bảo lưu kết quả học tập');
Insert into "ADMINPDB"."SINHVIEN" (MASV,HOTEN,PHAI,NGSINH,DCHI,DT,KHOA,TINHTRANG) values ('20A269537','Phan Anh Trang','0',to_date('06/06/01','DD/MM/RR'),'Q.3, TP.HCM','0558011954','CNTT','Đang học');
Insert into "ADMINPDB"."SINHVIEN" (MASV,HOTEN,PHAI,NGSINH,DCHI,DT,KHOA,TINHTRANG) values ('20A622700','Đặng Thị Bình','0',to_date('28/01/02','DD/MM/RR'),'TP. Vũng Tàu','0673923271','TOAN','Đang học');
Insert into "ADMINPDB"."SINHVIEN" (MASV,HOTEN,PHAI,NGSINH,DCHI,DT,KHOA,TINHTRANG) values ('20A738817','Vũ Ngọc Quân','1',to_date('23/10/02','DD/MM/RR'),'TP. Vũng Tàu','0922156336','SINH','Bảo lưu kết quả học tập');
Insert into "ADMINPDB"."SINHVIEN" (MASV,HOTEN,PHAI,NGSINH,DCHI,DT,KHOA,TINHTRANG) values ('20A942004','Phan Gia Hà','1',to_date('23/11/00','DD/MM/RR'),'TP. Vũng Tàu','0299107735','SINH','Bảo lưu kết quả học tập');
Insert into "ADMINPDB"."SINHVIEN" (MASV,HOTEN,PHAI,NGSINH,DCHI,DT,KHOA,TINHTRANG) values ('20A167322','Hoàng Gia Vy','0',to_date('19/02/01','DD/MM/RR'),'TP. Biên Hòa','0163596147','VATLY','Đã thôi học');
Insert into "ADMINPDB"."SINHVIEN" (MASV,HOTEN,PHAI,NGSINH,DCHI,DT,KHOA,TINHTRANG) values ('20A634580','Lê Anh Linh','1',to_date('20/05/00','DD/MM/RR'),'TP. Hà Nội','0992956844','TOAN','Đang học');
Insert into "ADMINPDB"."SINHVIEN" (MASV,HOTEN,PHAI,NGSINH,DCHI,DT,KHOA,TINHTRANG) values ('20A400717','Hoàng Văn Châu','1',to_date('08/08/05','DD/MM/RR'),'Q.3, TP.HCM','0109712474','SINH','Bảo lưu kết quả học tập');
Insert into "ADMINPDB"."SINHVIEN" (MASV,HOTEN,PHAI,NGSINH,DCHI,DT,KHOA,TINHTRANG) values ('20A560902','Phan Anh Tú','0',to_date('10/02/05','DD/MM/RR'),'Q.10, TP.HCM','0759604543','TOAN','Bảo lưu kết quả học tập');
Insert into "ADMINPDB"."SINHVIEN" (MASV,HOTEN,PHAI,NGSINH,DCHI,DT,KHOA,TINHTRANG) values ('20A965179','Hoàng Văn Khánh','0',to_date('16/04/04','DD/MM/RR'),'TP. Thủ Đức','0170059532','CNTT','Đã tốt nghiệp');
Insert into "ADMINPDB"."SINHVIEN" (MASV,HOTEN,PHAI,NGSINH,DCHI,DT,KHOA,TINHTRANG) values ('20A641374','Trần Anh Hà','1',to_date('19/01/02','DD/MM/RR'),'TP. Hà Nội','0842462354','TOAN','Đã tốt nghiệp');
Insert into "ADMINPDB"."SINHVIEN" (MASV,HOTEN,PHAI,NGSINH,DCHI,DT,KHOA,TINHTRANG) values ('20A954780','Lê Ngọc An','1',to_date('13/06/01','DD/MM/RR'),'Q.3, TP.HCM','0149256817','KHKT','Bảo lưu kết quả học tập');
Insert into "ADMINPDB"."SINHVIEN" (MASV,HOTEN,PHAI,NGSINH,DCHI,DT,KHOA,TINHTRANG) values ('20A622336','Hoàng Thị Châu','1',to_date('11/07/05','DD/MM/RR'),'TP. Đà Nẵng','0735736727','VATLY','Đã tốt nghiệp');
Insert into "ADMINPDB"."SINHVIEN" (MASV,HOTEN,PHAI,NGSINH,DCHI,DT,KHOA,TINHTRANG) values ('20A194631','Nguyễn Thị Châu','0',to_date('14/03/05','DD/MM/RR'),'TP. Thủ Đức','0559230156','KHKT','Đã tốt nghiệp');
Insert into "ADMINPDB"."SINHVIEN" (MASV,HOTEN,PHAI,NGSINH,DCHI,DT,KHOA,TINHTRANG) values ('20A949566','Đặng Ngọc Phúc','1',to_date('24/11/02','DD/MM/RR'),'TP. Biên Hòa','0422637583','SINH','Đang học');
Insert into "ADMINPDB"."SINHVIEN" (MASV,HOTEN,PHAI,NGSINH,DCHI,DT,KHOA,TINHTRANG) values ('20A701704','Nguyễn Thị Nam','1',to_date('20/08/01','DD/MM/RR'),'TP. Thủ Đức','0296248239','SINH','Đang học');
Insert into "ADMINPDB"."SINHVIEN" (MASV,HOTEN,PHAI,NGSINH,DCHI,DT,KHOA,TINHTRANG) values ('20A197514','Trần Hữu Dũng','1',to_date('24/03/06','DD/MM/RR'),'TP. Vũng Tàu','0968185204','VATLY','Bảo lưu kết quả học tập');
Insert into "ADMINPDB"."SINHVIEN" (MASV,HOTEN,PHAI,NGSINH,DCHI,DT,KHOA,TINHTRANG) values ('20A527892','Hoàng Anh Phúc','1',to_date('19/08/03','DD/MM/RR'),'Q.10, TP.HCM','0420415744','VATLY','Đã thôi học');
Insert into "ADMINPDB"."SINHVIEN" (MASV,HOTEN,PHAI,NGSINH,DCHI,DT,KHOA,TINHTRANG) values ('20A953756','Lê Thị Vy','0',to_date('12/11/02','DD/MM/RR'),'TP. Đà Nẵng','0437942802','CNTT','Đã tốt nghiệp');
Insert into "ADMINPDB"."SINHVIEN" (MASV,HOTEN,PHAI,NGSINH,DCHI,DT,KHOA,TINHTRANG) values ('20A309641','Đặng Minh Tú','1',to_date('06/03/03','DD/MM/RR'),'TP. Hà Nội','0185755625','CNTT','Đã tốt nghiệp');
Insert into "ADMINPDB"."SINHVIEN" (MASV,HOTEN,PHAI,NGSINH,DCHI,DT,KHOA,TINHTRANG) values ('20A570777','Đặng Ngọc An','1',to_date('10/03/02','DD/MM/RR'),'TP. Đà Nẵng','0938348926','VATLY','Đã thôi học');
Insert into "ADMINPDB"."SINHVIEN" (MASV,HOTEN,PHAI,NGSINH,DCHI,DT,KHOA,TINHTRANG) values ('20A855334','Bùi Anh Hà','1',to_date('29/07/03','DD/MM/RR'),'Q.5, TP.HCM','0343256885','VATLY','Bảo lưu kết quả học tập');
Insert into "ADMINPDB"."SINHVIEN" (MASV,HOTEN,PHAI,NGSINH,DCHI,DT,KHOA,TINHTRANG) values ('20A702491','Bùi Thị Trang','0',to_date('22/01/01','DD/MM/RR'),'TP. Đà Nẵng','0936637298','HOA','Đã tốt nghiệp');
Insert into "ADMINPDB"."SINHVIEN" (MASV,HOTEN,PHAI,NGSINH,DCHI,DT,KHOA,TINHTRANG) values ('20A821026','Bùi Văn Quân','1',to_date('06/12/00','DD/MM/RR'),'Q.10, TP.HCM','0917055193','VATLY','Bảo lưu kết quả học tập');
Insert into "ADMINPDB"."SINHVIEN" (MASV,HOTEN,PHAI,NGSINH,DCHI,DT,KHOA,TINHTRANG) values ('20A252171','Vũ Hữu Phúc','1',to_date('23/06/03','DD/MM/RR'),'TP. Đà Nẵng','0756598659','VATLY','Đã thôi học');
Insert into "ADMINPDB"."SINHVIEN" (MASV,HOTEN,PHAI,NGSINH,DCHI,DT,KHOA,TINHTRANG) values ('20A469476','Phan Minh Bình','0',to_date('15/05/00','DD/MM/RR'),'TP. Vũng Tàu','0842555183','KHKT','Bảo lưu kết quả học tập');
Insert into "ADMINPDB"."SINHVIEN" (MASV,HOTEN,PHAI,NGSINH,DCHI,DT,KHOA,TINHTRANG) values ('20A692155','Nguyễn Minh Quân','0',to_date('30/07/02','DD/MM/RR'),'TP. Cần Thơ','0361835667','HOA','Đang học');
Insert into "ADMINPDB"."SINHVIEN" (MASV,HOTEN,PHAI,NGSINH,DCHI,DT,KHOA,TINHTRANG) values ('20A803024','Phan Gia Khánh','1',to_date('15/10/03','DD/MM/RR'),'TP. Cần Thơ','0667847500','VATLY','Đang học');
Insert into "ADMINPDB"."SINHVIEN" (MASV,HOTEN,PHAI,NGSINH,DCHI,DT,KHOA,TINHTRANG) values ('20A322860','Lê Minh Dũng','0',to_date('30/06/05','DD/MM/RR'),'Q.3, TP.HCM','0935343238','CNTT','Đã thôi học');
Insert into "ADMINPDB"."SINHVIEN" (MASV,HOTEN,PHAI,NGSINH,DCHI,DT,KHOA,TINHTRANG) values ('20A230120','Hoàng Ngọc Nam','1',to_date('21/05/02','DD/MM/RR'),'Q.1, TP.HCM','0133637743','TOAN','Đã tốt nghiệp');
Insert into "ADMINPDB"."SINHVIEN" (MASV,HOTEN,PHAI,NGSINH,DCHI,DT,KHOA,TINHTRANG) values ('20A265785','Bùi Gia Phúc','1',to_date('01/03/07','DD/MM/RR'),'Q.10, TP.HCM','0200004143','CNTT','Đang học');
Insert into "ADMINPDB"."SINHVIEN" (MASV,HOTEN,PHAI,NGSINH,DCHI,DT,KHOA,TINHTRANG) values ('20A933401','Hoàng Minh An','1',to_date('21/09/01','DD/MM/RR'),'Q.1, TP.HCM','0730830615','VATLY','Bảo lưu kết quả học tập');
Insert into "ADMINPDB"."SINHVIEN" (MASV,HOTEN,PHAI,NGSINH,DCHI,DT,KHOA,TINHTRANG) values ('20A387582','Bùi Gia Hương','1',to_date('13/05/00','DD/MM/RR'),'TP. Hà Nội','0913881977','KHKT','Đang học');
Insert into "ADMINPDB"."SINHVIEN" (MASV,HOTEN,PHAI,NGSINH,DCHI,DT,KHOA,TINHTRANG) values ('20A463549','Bùi Anh Nam','1',to_date('22/11/06','DD/MM/RR'),'TP. Thủ Đức','0510569729','HOA','Đã tốt nghiệp');
Insert into "ADMINPDB"."SINHVIEN" (MASV,HOTEN,PHAI,NGSINH,DCHI,DT,KHOA,TINHTRANG) values ('20A416461','Trần Anh Linh','0',to_date('07/04/05','DD/MM/RR'),'Q.5, TP.HCM','0415981233','VATLY','Đã thôi học');
Insert into "ADMINPDB"."SINHVIEN" (MASV,HOTEN,PHAI,NGSINH,DCHI,DT,KHOA,TINHTRANG) values ('20A972502','Phan Thị Trang','0',to_date('16/01/02','DD/MM/RR'),'Q.3, TP.HCM','0971095781','SINH','Bảo lưu kết quả học tập');
Insert into "ADMINPDB"."SINHVIEN" (MASV,HOTEN,PHAI,NGSINH,DCHI,DT,KHOA,TINHTRANG) values ('20A389570','Nguyễn Anh Tú','1',to_date('14/04/01','DD/MM/RR'),'TP. Cần Thơ','0491532689','KHKT','Đã tốt nghiệp');
Insert into "ADMINPDB"."SINHVIEN" (MASV,HOTEN,PHAI,NGSINH,DCHI,DT,KHOA,TINHTRANG) values ('20A295506','Phan Hữu Phúc','1',to_date('27/01/02','DD/MM/RR'),'Q.10, TP.HCM','0281482898','TOAN','Đã thôi học');
Insert into "ADMINPDB"."SINHVIEN" (MASV,HOTEN,PHAI,NGSINH,DCHI,DT,KHOA,TINHTRANG) values ('20A189044','Bùi Minh Châu','1',to_date('14/07/06','DD/MM/RR'),'TP. Hà Nội','0702558304','HOA','Đã thôi học');
Insert into "ADMINPDB"."SINHVIEN" (MASV,HOTEN,PHAI,NGSINH,DCHI,DT,KHOA,TINHTRANG) values ('20A855181','Đặng Ngọc Bình','0',to_date('11/11/03','DD/MM/RR'),'TP. Cần Thơ','0805984267','CNTT','Đã tốt nghiệp');
Insert into "ADMINPDB"."SINHVIEN" (MASV,HOTEN,PHAI,NGSINH,DCHI,DT,KHOA,TINHTRANG) values ('20A553031','Phan Ngọc Khánh','0',to_date('26/02/07','DD/MM/RR'),'Q.5, TP.HCM','0888928959','VATLY','Đã tốt nghiệp');
Insert into "ADMINPDB"."SINHVIEN" (MASV,HOTEN,PHAI,NGSINH,DCHI,DT,KHOA,TINHTRANG) values ('20A872284','Trần Gia Khánh','1',to_date('12/07/04','DD/MM/RR'),'TP. Thủ Đức','0667880493','CNTT','Bảo lưu kết quả học tập');
Insert into "ADMINPDB"."SINHVIEN" (MASV,HOTEN,PHAI,NGSINH,DCHI,DT,KHOA,TINHTRANG) values ('20A550508','Trần Minh Trang','1',to_date('12/04/00','DD/MM/RR'),'TP. Đà Nẵng','0824617352','SINH','Bảo lưu kết quả học tập');
Insert into "ADMINPDB"."SINHVIEN" (MASV,HOTEN,PHAI,NGSINH,DCHI,DT,KHOA,TINHTRANG) values ('20A146487','Đặng Ngọc Tú','0',to_date('22/08/00','DD/MM/RR'),'TP. Thủ Đức','0762172753','VATLY','Đã tốt nghiệp');
Insert into "ADMINPDB"."SINHVIEN" (MASV,HOTEN,PHAI,NGSINH,DCHI,DT,KHOA,TINHTRANG) values ('20A221198','Hoàng Gia Dũng','0',to_date('13/08/01','DD/MM/RR'),'Q.1, TP.HCM','0843425311','HOA','Đang học');
Insert into "ADMINPDB"."SINHVIEN" (MASV,HOTEN,PHAI,NGSINH,DCHI,DT,KHOA,TINHTRANG) values ('20A715898','Vũ Gia Vy','1',to_date('07/01/03','DD/MM/RR'),'TP. Hà Nội','0908154931','SINH','Bảo lưu kết quả học tập');
Insert into "ADMINPDB"."SINHVIEN" (MASV,HOTEN,PHAI,NGSINH,DCHI,DT,KHOA,TINHTRANG) values ('20A350280','Trần Thị An','1',to_date('12/07/01','DD/MM/RR'),'TP. Vũng Tàu','0659024405','KHKT','Đã thôi học');

-- ---------------------------------------------------------
-- Tạo role
-- ---------------------------------------------------------
CREATE ROLE NVCB;
CREATE ROLE GV;
CREATE ROLE NVPDT;
CREATE ROLE NVPKT;
CREATE ROLE NVTCHC;
CREATE ROLE NVCTSV;
CREATE ROLE TRGDV;
CREATE ROLE SV;

GRANT CONNECT TO NVCB;
GRANT CONNECT TO GV;
GRANT CONNECT TO NVPDT;
GRANT CONNECT TO NVPKT;
GRANT CONNECT TO NVTCHC;
GRANT CONNECT TO NVCTSV;
GRANT CONNECT TO TRGDV;
GRANT CONNECT TO SV;
-- ---------------------------------------------------------
-- Tạo tài khoản cho nhân viên và sinh viên
-- ---------------------------------------------------------

DECLARE
    v_count NUMBER; -- Biến đếm để kiểm tra sự tồn tại của user
BEGIN
    -- Tạo tài khoản cho nhân viên
    FOR nv IN (SELECT MANV FROM NHANVIEN) LOOP
        -- Kiểm tra xem username (mã nhân viên) đã tồn tại chưa
        SELECT COUNT(*) INTO v_count 
        FROM all_users 
        WHERE username = nv.MANV;

        IF v_count = 0 THEN
            -- Tạo user với password là 123
            EXECUTE IMMEDIATE 'CREATE USER "' || nv.MANV || '" IDENTIFIED BY 123';
            -- Gán quyền kết nối
            EXECUTE IMMEDIATE 'GRANT CREATE SESSION TO "' || nv.MANV || '"';
            -- Gán quyền đọc trên các bảng cần thiết
            EXECUTE IMMEDIATE 'GRANT SELECT ON AdminPdb.NHANVIEN TO "' || nv.MANV || '"';
            EXECUTE IMMEDIATE 'GRANT SELECT ON AdminPdb.DONVI TO "' || nv.MANV || '"';
            DBMS_OUTPUT.PUT_LINE('Đã tạo tài khoản cho nhân viên ' || nv.MANV);
        ELSE
            DBMS_OUTPUT.PUT_LINE('Tài khoản ' || nv.MANV || ' đã tồn tại');
        END IF;
    END LOOP;

    -- Tạo tài khoản cho sinh viên
    FOR sv IN (SELECT MASV FROM SINHVIEN) LOOP
        -- Kiểm tra xem username (mã sinh viên) đã tồn tại chưa
        SELECT COUNT(*) INTO v_count 
        FROM all_users 
        WHERE username = sv.MASV;

        IF v_count = 0 THEN
            -- Tạo user với password là 123
            EXECUTE IMMEDIATE 'CREATE USER "' || sv.MASV || '" IDENTIFIED BY 123';
            -- Gán quyền kết nối
            EXECUTE IMMEDIATE 'GRANT CREATE SESSION TO "' || sv.MASV || '"';
            -- Gán quyền đọc trên các bảng cần thiết
            EXECUTE IMMEDIATE 'GRANT SELECT ON AdminPdb.SINHVIEN TO "' || sv.MASV || '"';
            EXECUTE IMMEDIATE 'GRANT SELECT ON AdminPdb.DANGKY TO "' || sv.MASV || '"';
            EXECUTE IMMEDIATE 'GRANT SELECT ON AdminPdb.MOMON TO "' || sv.MASV || '"';
            EXECUTE IMMEDIATE 'GRANT SELECT ON AdminPdb.HOCPHAN TO "' || sv.MASV || '"';
            DBMS_OUTPUT.PUT_LINE('Đã tạo tài khoản cho sinh viên ' || sv.MASV);
        ELSE
            DBMS_OUTPUT.PUT_LINE('Tài khoản ' || sv.MASV || ' đã tồn tại');
        END IF;
    END LOOP;
END;
/

-- ---------------------------------------------------------
-- Gán role theo vai trò trong bảng NHANVIEN
-- ---------------------------------------------------------
DECLARE
    v_count NUMBER; -- Biến đếm để kiểm tra sự tồn tại của user
BEGIN
    -- Duyệt qua tất cả nhân viên trong bảng NHANVIEN
    FOR nv IN (SELECT MANV, DT, VAITRO FROM NHANVIEN) LOOP
        -- Kiểm tra xem user (số điện thoại) có tồn tại không
        SELECT COUNT(*) INTO v_count FROM all_users WHERE username = nv.DT;

        IF v_count > 0 THEN
            -- Gán role tương ứng với VAITRO
            CASE nv.VAITRO
                WHEN 'NVCB' THEN
                    EXECUTE IMMEDIATE 'GRANT NVCB TO "' || nv.DT || '"';
                    DBMS_OUTPUT.PUT_LINE('Đã gán role NVCB cho ' || nv.MANV || ' (' || nv.DT || ')');
                WHEN 'GV' THEN
                    EXECUTE IMMEDIATE 'GRANT GV TO "' || nv.DT || '"';
                    DBMS_OUTPUT.PUT_LINE('Đã gán role GV cho ' || nv.MANV || ' (' || nv.DT || ')');
                WHEN 'NVPDT' THEN
                    EXECUTE IMMEDIATE 'GRANT NVPDT TO "' || nv.DT || '"';
                    DBMS_OUTPUT.PUT_LINE('Đã gán role NVPDT cho ' || nv.MANV || ' (' || nv.DT || ')');
                WHEN 'NVPKT' THEN
                    EXECUTE IMMEDIATE 'GRANT NVPKT TO "' || nv.DT || '"';
                    DBMS_OUTPUT.PUT_LINE('Đã gán role NVPKT cho ' || nv.MANV || ' (' || nv.DT || ')');
                WHEN 'NVTCHC' THEN
                    EXECUTE IMMEDIATE 'GRANT NVTCHC TO "' || nv.DT || '"';
                    DBMS_OUTPUT.PUT_LINE('Đã gán role NVTCHC cho ' || nv.MANV || ' (' || nv.DT || ')');
                WHEN 'NVCTSV' THEN
                    EXECUTE IMMEDIATE 'GRANT NVCTSV TO "' || nv.DT || '"';
                    DBMS_OUTPUT.PUT_LINE('Đã gán role NVCTSV cho ' || nv.MANV || ' (' || nv.DT || ')');
                WHEN 'TRGDV' THEN
                    EXECUTE IMMEDIATE 'GRANT TRGDV TO "' || nv.DT || '"';
                    DBMS_OUTPUT.PUT_LINE('Đã gán role TRGDV cho ' || nv.MANV || ' (' || nv.DT || ')');
                ELSE
                    -- Mặc định gán role NHANVIEN nếu không khớp với vai trò nào
                    EXECUTE IMMEDIATE 'GRANT NHANVIEN TO "' || nv.DT || '"';
                    DBMS_OUTPUT.PUT_LINE('Đã gán role NHANVIEN (mặc định) cho ' || nv.MANV || ' (' || nv.DT || ')');
            END CASE;
        ELSE
            DBMS_OUTPUT.PUT_LINE('User ' || nv.DT || ' không tồn tại, bỏ qua nhân viên ' || nv.MANV);
        END IF;
    END LOOP;

    DBMS_OUTPUT.PUT_LINE('Hoàn thành gán role cho tất cả nhân viên');
EXCEPTION
    WHEN OTHERS THEN
        DBMS_OUTPUT.PUT_LINE('Lỗi: ' || SQLERRM);
END;
/

-- ---------------------------------------------------------
-- Gán role SV cho tất cả sinh viên
-- ---------------------------------------------------------
DECLARE
    v_count NUMBER; -- Biến đếm để kiểm tra sự tồn tại của user
BEGIN
    -- Duyệt qua tất cả sinh viên trong bảng SINHVIEN
    FOR sv IN (SELECT MASV, DT FROM SINHVIEN) LOOP
        -- Kiểm tra xem user (số điện thoại) có tồn tại không
        SELECT COUNT(*) INTO v_count FROM all_users WHERE username = sv.DT;

        IF v_count > 0 THEN
            -- Gán role SV
            EXECUTE IMMEDIATE 'GRANT SV TO "' || sv.DT || '"';
            DBMS_OUTPUT.PUT_LINE('Đã gán role SV cho sinh viên ' || sv.MASV || ' (' || sv.DT || ')');
        ELSE
            DBMS_OUTPUT.PUT_LINE('User ' || sv.DT || ' không tồn tại, bỏ qua sinh viên ' || sv.MASV);
        END IF;
    END LOOP;

    DBMS_OUTPUT.PUT_LINE('Hoàn thành gán role SV cho tất cả sinh viên');
EXCEPTION
    WHEN OTHERS THEN
        DBMS_OUTPUT.PUT_LINE('Lỗi khi gán role SV: ' || SQLERRM);
END;
/

QUIT;