
DROP TABLE DANGKY CASCADE CONSTRAINTS;
DROP TABLE MOMON CASCADE CONSTRAINTS;
DROP TABLE HOCPHAN CASCADE CONSTRAINTS;
DROP TABLE SINHVIEN CASCADE CONSTRAINTS;
DROP TABLE NHANVIEN CASCADE CONSTRAINTS;
DROP TABLE DONVI CASCADE CONSTRAINTS;


CREATE TABLESPACE USERS
  DATAFILE '/opt/oracle/oradata/QLNHANVIEN/users.dbf'
  SIZE 100M AUTOEXTEND ON NEXT 10M MAXSIZE UNLIMITED;



-- Bảng DONVI
CREATE TABLE DONVI (
    MADV VARCHAR2(10) PRIMARY KEY,
    TENDV VARCHAR2(100),
    LOAIDV VARCHAR2(20),
    TRGDV VARCHAR2(10) 
);
-- MADV: HOA => TENDV: Khoa hoá học => LOAIDV: KHOA
-- MADV PDT => TENDV: Phòng đào tạo => LOAIDV: PHONG

-- Bảng NHANVIEN
CREATE TABLE NHANVIEN (
    MANV VARCHAR2(20) PRIMARY KEY,
    HOTEN VARCHAR2(100),
    PHAI CHAR(1), -- 1: male, 0: female
    NGSINH DATE,
    LUONG NUMBER, 
    PHUCAP NUMBER,
    DT VARCHAR2(15),
    VAITRO VARCHAR2(50),
    MADV VARCHAR2(10), 
    FOREIGN KEY (MADV) REFERENCES DONVI(MADV)
);
ALTER TABLE DONVI ADD FOREIGN KEY (TRGDV) REFERENCES NHANVIEN(MANV);
ALTER TABLE NHANVIEN ADD CONSTRAINT CS_NHANVIEN_PHAI CHECK (PHAI IN ('1', '0'));
-- NHANVIEN: VAITRO
-- NVCB: 500
-- GV: 200
-- NVPDT: 20
-- NVPKT: 10
-- NVTCHC: 15
-- NVCTSV: 10
-- TRGDV: 15

-- Bảng SINHVIEN
CREATE TABLE SINHVIEN (
    MASV VARCHAR2(20) PRIMARY KEY,
    HOTEN VARCHAR2(100),
    PHAI CHAR(1),
    NGSINH DATE,
    DCHI VARCHAR2(256), 
    DT VARCHAR2(15),
    KHOA VARCHAR2(10),
    TINHTRANG VARCHAR2(100)
);
ALTER TABLE SINHVIEN ADD CONSTRAINT CS_SINHVIEN_PHAI CHECK (PHAI IN ('1', '0'));
-- NHANVIEN: 4000
ALTER TABLE SINHVIEN
MODIFY TINHTRANG VARCHAR2(100);
-- Bảng HOCPHAN
CREATE TABLE HOCPHAN (
    MAHP VARCHAR2(10) PRIMARY KEY,
    TENHP VARCHAR2(100),
    SOTC NUMBER,
    STLT NUMBER,
    STTH NUMBER,
    MADV VARCHAR2(10),
    FOREIGN KEY (MADV) REFERENCES DONVI(MADV)
);

-- Bảng MOMON
CREATE TABLE MOMON (
    MAMM VARCHAR2(10) PRIMARY KEY,
    MAHP VARCHAR2(10),
    MAGV VARCHAR2(10),
    HK NUMBER,
    NAM NUMBER,
    FOREIGN KEY (MAHP) REFERENCES HOCPHAN(MAHP),
    FOREIGN KEY (MAGV) REFERENCES NHANVIEN(MANV)
);

-- Bảng DANGKY
CREATE TABLE DANGKY (
    MASV VARCHAR2(20),
    MAMM VARCHAR2(10),
    DIEMTH NUMBER,
    DIEMQT NUMBER,
    DIEMCK NUMBER,
    DIEMTK NUMBER,
    PRIMARY KEY (MASV, MAMM),
    FOREIGN KEY (MASV) REFERENCES SINHVIEN(MASV),
    FOREIGN KEY (MAMM) REFERENCES MOMON(MAMM)
);
-- DIEMTK: => DIEMQT*20% + DIEMTH*30% + DIEMCK*50%

INSERT INTO DONVI(MADV, TENDV, LOAIDV) VALUES ('TCHC', 'Phòng tổ chức hành chính', 'PHONG');
INSERT INTO DONVI(MADV, TENDV, LOAIDV) VALUES ('PDT', 'Phòng đào tạo', 'PHONG');
INSERT INTO DONVI(MADV, TENDV, LOAIDV) VALUES ('PKT', 'Phòng kế toán', 'PHONG');
INSERT INTO DONVI(MADV, TENDV, LOAIDV) VALUES ('CTSV', 'Phòng công tác sinh viên', 'PHONG');
INSERT INTO DONVI(MADV, TENDV, LOAIDV) VALUES ('TOAN', 'Khoa Toán học', 'KHOA');
INSERT INTO DONVI(MADV, TENDV, LOAIDV) VALUES ('VATLY', 'Khoa Vật lý', 'KHOA');
INSERT INTO DONVI(MADV, TENDV, LOAIDV) VALUES ('CNTT', 'Khoa Công nghệ thông tin', 'KHOA');
INSERT INTO DONVI(MADV, TENDV, LOAIDV) VALUES ('HOA', 'Khoa Hoá học', 'KHOA');
INSERT INTO DONVI(MADV, TENDV, LOAIDV) VALUES ('KHKT', 'Khoa kỹ thuật', 'KHOA');  
INSERT INTO DONVI(MADV, TENDV, LOAIDV) VALUES ('SINH', 'Khoa Sinh học', 'KHOA');
-- SINHVIEN
-- NVCB
DECLARE
  ho  SYS.ODCIVARCHAR2LIST := SYS.ODCIVARCHAR2LIST(
    'Nguyễn', 'Trần', 'Lê', 'Phạm', 'Hoàng', 'Võ', 'Đặng', 'Bùi', 'Đỗ', 'Hồ'
  );
  ten SYS.ODCIVARCHAR2LIST := SYS.ODCIVARCHAR2LIST(
    'An', 'Bình', 'Chi', 'Dũng', 'Hùng', 'Mai', 'Lan', 'Hương', 'Minh', 'Thảo', 'Nam', 'Khoa', 'Hải', 'Tâm', 'Thắng'
  );
BEGIN
  FOR i IN 300..799 LOOP
    INSERT INTO NHANVIEN (
      MANV, HOTEN, PHAI, NGSINH, LUONG, PHUCAP, DT, VAITRO, MADV
    ) VALUES (
      'NV' || LPAD(i, 5, '0'),
      ho(MOD(i, ho.COUNT) + 1) || ' ' || ten(MOD(i, ten.COUNT) + 1),
      CASE MOD(i, 2) WHEN 0 THEN '1' ELSE '0' END,
      TO_DATE('1985-01-01', 'YYYY-MM-DD') + MOD(i, 7000),
      4000000 + MOD(i * 1111, 8000000),
      500000 + MOD(i * 2222, 3000000),
      '091' || TO_CHAR(1000000 + i),
      'NVCB',
      CASE 
        WHEN MOD(i, 6) = 0 THEN 'TOAN'
        WHEN MOD(i, 6) = 1 THEN 'CNTT'
        WHEN MOD(i, 6) = 2 THEN 'VATLY'
        WHEN MOD(i, 6) = 3 THEN 'SINH'
        WHEN MOD(i, 6) = 4 THEN 'HOA'
        ELSE 'KHKT'
      END
    );
  END LOOP;
  COMMIT;
END;
/
-- GV
INSERT INTO NHANVIEN(MANV, HOTEN, PHAI, NGSINH, LUONG, PHUCAP, DT, VAITRO, MADV) VALUES ('NV00001', 'Nguyễn Văn Tèo', '1', TO_DATE('1994-11-01', 'YYYY-MM-DD'), 5000000, 1000000, '0123456789', 'GV', 'TOAN');
INSERT INTO NHANVIEN(MANV, HOTEN, PHAI, NGSINH, LUONG, PHUCAP, DT, VAITRO, MADV) VALUES ('NV00002', 'Nguyễn Văn Tí', '1', TO_DATE('1993-04-02', 'YYYY-MM-DD'), 6000000, 2000000, '0123456799', 'GV', 'VATLY');
INSERT INTO NHANVIEN(MANV, HOTEN, PHAI, NGSINH, LUONG, PHUCAP, DT, VAITRO, MADV) VALUES ('NV00003', 'Nguyễn Văn Mai', '0', TO_DATE('2000-09-11', 'YYYY-MM-DD'), 6700000, 3000000, '0123456989', 'GV', 'SINH');
INSERT INTO NHANVIEN(MANV, HOTEN, PHAI, NGSINH, LUONG, PHUCAP, DT, VAITRO, MADV) VALUES ('NV00004', 'Gia Cát Lượng', '1', TO_DATE('2002-03-01', 'YYYY-MM-DD'), 9000000, 2500000, '0123459789', 'GV', 'CNTT');
INSERT INTO NHANVIEN(MANV, HOTEN, PHAI, NGSINH, LUONG, PHUCAP, DT, VAITRO, MADV) VALUES ('NV00005', 'Trương Thị Thuý Kiều', '0', TO_DATE('2004-12-01', 'YYYY-MM-DD'), 5000000, 4000000, '0123496789', 'GV', 'TOAN');
INSERT INTO NHANVIEN(MANV, HOTEN, PHAI, NGSINH, LUONG, PHUCAP, DT, VAITRO, MADV) VALUES ('NV00006', 'Tần Thuỷ Hoàng', '1', TO_DATE('1987-05-05', 'YYYY-MM-DD'), 50000000, 10000000, '0123956789', 'GV', 'VATLY');
INSERT INTO NHANVIEN(MANV, HOTEN, PHAI, NGSINH, LUONG, PHUCAP, DT, VAITRO, MADV) VALUES ('NV00007', 'Hán Vũ Đế', '1', TO_DATE('1999-05-25', 'YYYY-MM-DD'), 4000000, 1000000, '0129456789', 'GV', 'SINH');
INSERT INTO NHANVIEN(MANV, HOTEN, PHAI, NGSINH, LUONG, PHUCAP, DT, VAITRO, MADV) VALUES ('NV00008', 'Khang Hi', '1', TO_DATE('1998-06-26', 'YYYY-MM-DD'), 13000000, 1200000, '0193456789', 'GV', 'VATLY');
INSERT INTO NHANVIEN(MANV, HOTEN, PHAI, NGSINH, LUONG, PHUCAP, DT, VAITRO, MADV) VALUES ('NV00009', 'Càn Long', '1', TO_DATE('2001-07-01', 'YYYY-MM-DD'), 22000000, 4000000, '0923456789', 'GV', 'SINH');
INSERT INTO NHANVIEN(MANV, HOTEN, PHAI, NGSINH, LUONG, PHUCAP, DT, VAITRO, MADV) VALUES ('NV00010', 'Khổng Tử', '1', TO_DATE('1980-07-15', 'YYYY-MM-DD'), 7000000, 1000000, '0993456789', 'GV', 'VATLY');
INSERT INTO NHANVIEN(MANV, HOTEN, PHAI, NGSINH, LUONG, PHUCAP, DT, VAITRO, MADV) VALUES ('NV00011', 'Quan Vũ', '1', TO_DATE('1972-02-28', 'YYYY-MM-DD'), 9000000, 1000000, '0929456789', 'GV', 'TOAN');
INSERT INTO NHANVIEN(MANV, HOTEN, PHAI, NGSINH, LUONG, PHUCAP, DT, VAITRO, MADV) VALUES ('NV00012', 'Triệu Tử Long', '1', TO_DATE('1975-10-10', 'YYYY-MM-DD'), 11000000, 500000, '0923956789', 'GV', 'CNTT');
INSERT INTO NHANVIEN(MANV, HOTEN, PHAI, NGSINH, LUONG, PHUCAP, DT, VAITRO, MADV) VALUES ('NV00013', 'Hà Nhân', '1', TO_DATE('1960-07-17', 'YYYY-MM-DD'), 13000000, 1500000, '0923496789', 'GV', 'CNTT');

DECLARE
  ho  SYS.ODCIVARCHAR2LIST := SYS.ODCIVARCHAR2LIST('Nguyễn', 'Trần', 'Lê', 'Phạm', 'Hoàng');
  ten SYS.ODCIVARCHAR2LIST := SYS.ODCIVARCHAR2LIST('An', 'Bình', 'Chi', 'Dũng', 'Hùng', 'Mai', 'Lan', 'Hương');
BEGIN
  FOR i IN 100..299 LOOP
    INSERT INTO NHANVIEN (
      MANV, HOTEN, PHAI, NGSINH, LUONG, PHUCAP, DT, VAITRO, MADV
    ) VALUES (
      'NV' || LPAD(i, 5, '0'),
      ho(MOD(i, ho.COUNT) + 1) || ' ' || ten(MOD(i, ten.COUNT) + 1),
      CASE MOD(i, 2) WHEN 0 THEN '1' ELSE '0' END,
      TO_DATE('1990-01-01', 'YYYY-MM-DD') + MOD(i, 365),
      5000000 + MOD(i * 10000, 10000000),
      1000000 + MOD(i * 5000, 5000000),
      '090' || TO_CHAR(1000000 + i),
      'GV',
      CASE 
        WHEN MOD(i, 5) = 0 THEN 'TOAN'
        WHEN MOD(i, 5) = 1 THEN 'CNTT'
        WHEN MOD(i, 5) = 2 THEN 'VATLY'
        WHEN MOD(i, 5) = 3 THEN 'SINH'
        ELSE 'HOA'
      END
    );
  END LOOP;
  COMMIT;
END;
/

--NV PDT 
INSERT INTO NHANVIEN(MANV, HOTEN, PHAI, NGSINH, LUONG, PHUCAP, DT, VAITRO, MADV) VALUES ('NV00014', 'Ngô Quyền', '1', TO_DATE('1995-11-01', 'YYYY-MM-DD'), 20000000, 3000000, '0923459789', 'NVPDT', 'PDT');
INSERT INTO NHANVIEN(MANV, HOTEN, PHAI, NGSINH, LUONG, PHUCAP, DT, VAITRO, MADV) VALUES ('NV00015', 'Lê Quý Đôn', '1', TO_DATE('1994-05-11', 'YYYY-MM-DD'), 30000000, 2000000, '0923456989', 'NVPDT', 'PDT');
INSERT INTO NHANVIEN(MANV, HOTEN, PHAI, NGSINH, LUONG, PHUCAP, DT, VAITRO, MADV) VALUES 
('NV00023', 'Nguyễn Thị Lan', '0', TO_DATE('1990-02-01', 'YYYY-MM-DD'), 18000000, 2000000, '0900000001', 'NVPDT', 'PDT'),
('NV00024', 'Phạm Văn Hùng', '1', TO_DATE('1991-03-11', 'YYYY-MM-DD'), 17500000, 1500000, '0900000002', 'NVPDT', 'PDT'),
('NV00025', 'Trần Thị Mai', '0', TO_DATE('1988-05-14', 'YYYY-MM-DD'), 19000000, 1800000, '0900000003', 'NVPDT', 'PDT'),
('NV00026', 'Lê Văn An', '1', TO_DATE('1989-07-07', 'YYYY-MM-DD'), 16000000, 1700000, '0900000004', 'NVPDT', 'PDT'),
('NV00027', 'Hoàng Thị Hạnh', '0', TO_DATE('1993-09-21', 'YYYY-MM-DD'), 15500000, 1400000, '0900000005', 'NVPDT', 'PDT'),
('NV00028', 'Đoàn Văn Bình', '1', TO_DATE('1987-12-12', 'YYYY-MM-DD'), 16500000, 1600000, '0900000006', 'NVPDT', 'PDT'),
('NV00029', 'Nguyễn Thị Bích', '0', TO_DATE('1992-11-19', 'YYYY-MM-DD'), 17500000, 1200000, '0900000007', 'NVPDT', 'PDT'),
('NV00030', 'Võ Minh Trí', '1', TO_DATE('1994-01-25', 'YYYY-MM-DD'), 18500000, 1500000, '0900000008', 'NVPDT', 'PDT'),
('NV00031', 'Lý Thị Huệ', '0', TO_DATE('1986-10-08', 'YYYY-MM-DD'), 17000000, 1300000, '0900000009', 'NVPDT', 'PDT'),
('NV00032', 'Trịnh Văn Cường', '1', TO_DATE('1985-06-05', 'YYYY-MM-DD'), 16000000, 1400000, '0900000010', 'NVPDT', 'PDT'),
('NV00033', 'Nguyễn Thị Dung', '0', TO_DATE('1991-04-04', 'YYYY-MM-DD'), 18000000, 1900000, '0900000011', 'NVPDT', 'PDT'),
('NV00034', 'Phan Văn Hòa', '1', TO_DATE('1989-08-18', 'YYYY-MM-DD'), 15000000, 1500000, '0900000012', 'NVPDT', 'PDT'),
('NV00035', 'Đinh Thị Lệ', '0', TO_DATE('1990-03-30', 'YYYY-MM-DD'), 17000000, 2000000, '0900000013', 'NVPDT', 'PDT'),
('NV00036', 'Tạ Văn Sơn', '1', TO_DATE('1988-01-01', 'YYYY-MM-DD'), 19000000, 1900000, '0900000014', 'NVPDT', 'PDT'),
('NV00037', 'Trần Thị Thanh', '0', TO_DATE('1993-06-16', 'YYYY-MM-DD'), 18000000, 1800000, '0900000015', 'NVPDT', 'PDT'),
('NV00038', 'Lương Văn Hải', '1', TO_DATE('1986-02-20', 'YYYY-MM-DD'), 16000000, 1500000, '0900000016', 'NVPDT', 'PDT'),
('NV00039', 'Bùi Thị Ngọc', '0', TO_DATE('1992-12-12', 'YYYY-MM-DD'), 17000000, 1700000, '0900000017', 'NVPDT', 'PDT'),
('NV00040', 'Vũ Văn Quang', '1', TO_DATE('1991-07-07', 'YYYY-MM-DD'), 16500000, 1800000, '0900000018', 'NVPDT', 'PDT');

-- NV PKT
INSERT INTO NHANVIEN(MANV, HOTEN, PHAI, NGSINH, LUONG, PHUCAP, DT, VAITRO, MADV) VALUES ('NV00016', 'Trưng Trắc', '0', TO_DATE('1990-12-25', 'YYYY-MM-DD'), 15000000, 2000000, '0923456799', 'NVPKT', 'PKT');
INSERT INTO NHANVIEN(MANV, HOTEN, PHAI, NGSINH, LUONG, PHUCAP, DT, VAITRO, MADV) VALUES ('NV00017', 'Trưng Nhị', '0', TO_DATE('1990-01-01', 'YYYY-MM-DD'), 25000000, 2000000, '0993456799', 'NVPKT', 'PKT');
INSERT INTO NHANVIEN(MANV, HOTEN, PHAI, NGSINH, LUONG, PHUCAP, DT, VAITRO, MADV) VALUES 
('NV00041', 'Nguyễn Văn Phú', '1', TO_DATE('1984-03-22', 'YYYY-MM-DD'), 16000000, 2000000, '0900000101', 'NVPKT', 'PKT'),
('NV00042', 'Lê Thị Tuyết', '0', TO_DATE('1989-09-11', 'YYYY-MM-DD'), 17000000, 1900000, '0900000102', 'NVPKT', 'PKT'),
('NV00043', 'Hoàng Văn Đức', '1', TO_DATE('1990-05-06', 'YYYY-MM-DD'), 16500000, 2000000, '0900000103', 'NVPKT', 'PKT'),
('NV00044', 'Phạm Thị Yến', '0', TO_DATE('1988-08-19', 'YYYY-MM-DD'), 15000000, 2100000, '0900000104', 'NVPKT', 'PKT'),
('NV00045', 'Đỗ Văn Tuấn', '1', TO_DATE('1991-11-01', 'YYYY-MM-DD'), 16000000, 1900000, '0900000105', 'NVPKT', 'PKT'),
('NV00046', 'Trịnh Thị Hoa', '0', TO_DATE('1985-12-25', 'YYYY-MM-DD'), 17500000, 1700000, '0900000106', 'NVPKT', 'PKT'),
('NV00047', 'Tống Văn Hòa', '1', TO_DATE('1983-04-14', 'YYYY-MM-DD'), 15500000, 1800000, '0900000107', 'NVPKT', 'PKT'),
('NV00048', 'Đặng Thị Thắm', '0', TO_DATE('1986-07-30', 'YYYY-MM-DD'), 16800000, 2000000, '0900000108', 'NVPKT', 'PKT');

-- NV TCHC
INSERT INTO NHANVIEN(MANV, HOTEN, PHAI, NGSINH, LUONG, PHUCAP, DT, VAITRO, MADV) VALUES ('NV00018', 'Trần Hưng Đạo', '1', TO_DATE('1980-09-24', 'YYYY-MM-DD'), 15000000, 2000000, '0929456799', 'NVTCHC', 'TCHC');
INSERT INTO NHANVIEN(MANV, HOTEN, PHAI, NGSINH, LUONG, PHUCAP, DT, VAITRO, MADV) VALUES ('NV00019', 'Đinh Bộ Lĩnh', '1', TO_DATE('1982-05-17', 'YYYY-MM-DD'), 25000000, 2000000, '0923956799', 'NVTCHC', 'TCHC');
INSERT INTO NHANVIEN(MANV, HOTEN, PHAI, NGSINH, LUONG, PHUCAP, DT, VAITRO, MADV) VALUES 
('NV00049', 'Phạm Minh Thắng', '1', TO_DATE('1985-02-13', 'YYYY-MM-DD'), 16000000, 1800000, '0900000201', 'NVTCHC', 'TCHC'),
('NV00050', 'Ngô Thị Cúc', '0', TO_DATE('1990-06-19', 'YYYY-MM-DD'), 16500000, 2000000, '0900000202', 'NVTCHC', 'TCHC'),
('NV00051', 'Trương Văn Lợi', '1', TO_DATE('1989-04-05', 'YYYY-MM-DD'), 15500000, 1900000, '0900000203', 'NVTCHC', 'TCHC'),
('NV00052', 'Lê Thị Thu Hà', '0', TO_DATE('1991-11-12', 'YYYY-MM-DD'), 17000000, 1700000, '0900000204', 'NVTCHC', 'TCHC'),
('NV00053', 'Đinh Văn Nam', '1', TO_DATE('1988-03-21', 'YYYY-MM-DD'), 16000000, 1600000, '0900000205', 'NVTCHC', 'TCHC'),
('NV00054', 'Trần Thị Kim Chi', '0', TO_DATE('1992-09-14', 'YYYY-MM-DD'), 15800000, 1500000, '0900000206', 'NVTCHC', 'TCHC'),
('NV00055', 'Nguyễn Văn Bình', '1', TO_DATE('1986-01-30', 'YYYY-MM-DD'), 16500000, 1800000, '0900000207', 'NVTCHC', 'TCHC'),
('NV00056', 'Phan Thị Hồng', '0', TO_DATE('1993-12-07', 'YYYY-MM-DD'), 16000000, 2000000, '0900000208', 'NVTCHC', 'TCHC'),
('NV00057', 'Bùi Văn Quý', '1', TO_DATE('1987-05-16', 'YYYY-MM-DD'), 17000000, 1700000, '0900000209', 'NVTCHC', 'TCHC'),
('NV00058', 'Lý Thị Ánh', '0', TO_DATE('1990-10-22', 'YYYY-MM-DD'), 16200000, 1600000, '0900000210', 'NVTCHC', 'TCHC'),
('NV00059', 'Hoàng Văn Dương', '1', TO_DATE('1985-06-03', 'YYYY-MM-DD'), 16800000, 1900000, '0900000211', 'NVTCHC', 'TCHC'),
('NV00060', 'Đặng Thị Thanh', '0', TO_DATE('1989-08-29', 'YYYY-MM-DD'), 15500000, 1700000, '0900000212', 'NVTCHC', 'TCHC'),
('NV00061', 'Tô Văn Lực', '1', TO_DATE('1991-02-17', 'YYYY-MM-DD'), 15800000, 1800000, '0900000213', 'NVTCHC', 'TCHC');

-- NV CTSV
INSERT INTO NHANVIEN(MANV, HOTEN, PHAI, NGSINH, LUONG, PHUCAP, DT, VAITRO, MADV) VALUES ('NV00020', 'Thuý Kiều', '0', TO_DATE('1992-01-01', 'YYYY-MM-DD'), 15000000, 2000000, '0923496799', 'NVCTSV', 'CTSV');
INSERT INTO NHANVIEN(MANV, HOTEN, PHAI, NGSINH, LUONG, PHUCAP, DT, VAITRO, MADV) VALUES ('NV00021', 'Thuý Vân', '0', TO_DATE('1992-01-01', 'YYYY-MM-DD'), 25000000, 2000000, '0923459799', 'NVCTSV', 'CTSV');
INSERT INTO NHANVIEN(MANV, HOTEN, PHAI, NGSINH, LUONG, PHUCAP, DT, VAITRO, MADV) VALUES 
('NV00062', 'Nguyễn Thị Tươi', '0', TO_DATE('1990-07-09', 'YYYY-MM-DD'), 16000000, 1900000, '0900000301', 'NVCTSV', 'CTSV'),
('NV00063', 'Trần Văn Khôi', '1', TO_DATE('1988-10-15', 'YYYY-MM-DD'), 15500000, 1700000, '0900000302', 'NVCTSV', 'CTSV'),
('NV00064', 'Lê Thị Thúy', '0', TO_DATE('1991-03-27', 'YYYY-MM-DD'), 16500000, 1600000, '0900000303', 'NVCTSV', 'CTSV'),
('NV00065', 'Phạm Văn Long', '1', TO_DATE('1986-05-19', 'YYYY-MM-DD'), 15000000, 2000000, '0900000304', 'NVCTSV', 'CTSV'),
('NV00066', 'Hoàng Thị Tuyết', '0', TO_DATE('1993-01-12', 'YYYY-MM-DD'), 16000000, 1500000, '0900000305', 'NVCTSV', 'CTSV'),
('NV00067', 'Đỗ Văn Nghĩa', '1', TO_DATE('1987-11-11', 'YYYY-MM-DD'), 15800000, 1700000, '0900000306', 'NVCTSV', 'CTSV'),
('NV00068', 'Vũ Thị Hạnh', '0', TO_DATE('1992-04-04', 'YYYY-MM-DD'), 16500000, 1800000, '0900000307', 'NVCTSV', 'CTSV'),
('NV00069', 'Tạ Văn Hào', '1', TO_DATE('1989-06-25', 'YYYY-MM-DD'), 17000000, 1900000, '0900000308', 'NVCTSV', 'CTSV'),
('NV00070', 'Ngô Thị Hoa', '0', TO_DATE('1990-08-30', 'YYYY-MM-DD'), 16000000, 1600000, '0900000309', 'NVCTSV', 'CTSV');

-- TRGDV
INSERT INTO NHANVIEN(MANV, HOTEN, PHAI, NGSINH, LUONG, PHUCAP, DT, VAITRO, MADV) VALUES ('NV00022', 'Phạm Ngũ Lão', '1', TO_DATE('1950-04-14', 'YYYY-MM-DD'), 35000000, 5000000, '0923456999', 'TRGDV', 'TOAN');
INSERT INTO NHANVIEN(MANV, HOTEN, PHAI, NGSINH, LUONG, PHUCAP, DT, VAITRO, MADV) VALUES 
('NV00071', 'Trịnh Văn Thọ', '1', TO_DATE('1975-03-10', 'YYYY-MM-DD'), 28000000, 3000000, '0900000401', 'TRGDV', 'TCHC'),
('NV00072', 'Nguyễn Thị Thuận', '0', TO_DATE('1980-06-18', 'YYYY-MM-DD'), 27500000, 2500000, '0900000402', 'TRGDV', 'PDT'),
('NV00073', 'Lê Văn Kiệt', '1', TO_DATE('1978-01-27', 'YYYY-MM-DD'), 26000000, 2800000, '0900000403', 'TRGDV', 'PKT'),
('NV00074', 'Võ Thị Hiền', '0', TO_DATE('1981-09-05', 'YYYY-MM-DD'), 27000000, 2900000, '0900000404', 'TRGDV', 'CTSV'),
('NV00075', 'Đỗ Văn Chiến', '1', TO_DATE('1979-02-14', 'YYYY-MM-DD'), 26500000, 2700000, '0900000405', 'TRGDV', 'CNTT'),
('NV00076', 'Bùi Thị Nga', '0', TO_DATE('1983-12-03', 'YYYY-MM-DD'), 25000000, 2600000, '0900000406', 'TRGDV', 'VATLY'),
('NV00077', 'Phạm Văn Quân', '1', TO_DATE('1976-08-22', 'YYYY-MM-DD'), 25500000, 2500000, '0900000407', 'TRGDV', 'HOA'),
('NV00078', 'Hoàng Thị Liên', '0', TO_DATE('1982-11-09', 'YYYY-MM-DD'), 26000000, 2400000, '0900000408', 'TRGDV', 'KHKT'),
('NV00079', 'Ngô Văn Tâm', '1', TO_DATE('1977-05-17', 'YYYY-MM-DD'), 27000000, 2900000, '0900000409', 'TRGDV', 'SINH');

-- DONVI: TRGDV
UPDATE DONVI SET TRGDV = 'NV00071' WHERE MADV = 'TCHC';
UPDATE DONVI SET TRGDV = 'NV00072' WHERE MADV = 'PDT';
UPDATE DONVI SET TRGDV = 'NV00073' WHERE MADV = 'PKT';
UPDATE DONVI SET TRGDV = 'NV00074' WHERE MADV = 'CTSV';
UPDATE DONVI SET TRGDV = 'NV00022' WHERE MADV = 'TOAN'; 
UPDATE DONVI SET TRGDV = 'NV00076' WHERE MADV = 'VATLY';
UPDATE DONVI SET TRGDV = 'NV00075' WHERE MADV = 'CNTT';
UPDATE DONVI SET TRGDV = 'NV00077' WHERE MADV = 'HOA';
UPDATE DONVI SET TRGDV = 'NV00078' WHERE MADV = 'KHKT';
UPDATE DONVI SET TRGDV = 'NV00079' WHERE MADV = 'SINH';


-- HOCPHAN
INSERT INTO HOCPHAN(MAHP, TENHP, SOTC, STLT, STTH, MADV) VALUES ('MTH00003', 'Vi tích phân 1B', 3, 45, 0, 'TOAN');
INSERT INTO HOCPHAN(MAHP, TENHP, SOTC, STLT, STTH, MADV) VALUES ('MTH00081', 'Thực hành Vi tích phân 1B', 1, 0, 30, 'TOAN');
INSERT INTO HOCPHAN(MAHP, TENHP, SOTC, STLT, STTH, MADV) VALUES ('MTH00004', 'Vi tích phân 2B', 3, 45, 0, 'TOAN');
INSERT INTO HOCPHAN(MAHP, TENHP, SOTC, STLT, STTH, MADV) VALUES ('MTH00082', 'Thực hành Vi tích phân 2B', 1, 0, 30, 'TOAN');
INSERT INTO HOCPHAN(MAHP, TENHP, SOTC, STLT, STTH, MADV) VALUES ('MTH00030', 'Đại số tuyến tính', 3, 45, 0, 'TOAN');
INSERT INTO HOCPHAN(MAHP, TENHP, SOTC, STLT, STTH, MADV) VALUES ('MTH00083', 'Thực hành Đại số tuyến tính', 1, 0, 30, 'TOAN');
INSERT INTO HOCPHAN(MAHP, TENHP, SOTC, STLT, STTH, MADV) VALUES ('MTH00040', 'Xác xuất thống kê', 3, 45, 0, 'TOAN');
INSERT INTO HOCPHAN(MAHP, TENHP, SOTC, STLT, STTH, MADV) VALUES ('MTH00085', 'Thực hành Xác xuất thống kê', 1, 0, 30, 'TOAN');
INSERT INTO HOCPHAN(MAHP, TENHP, SOTC, STLT, STTH, MADV) VALUES ('MTH00041', 'Toán rời rạc', 3, 45, 0, 'TOAN');
INSERT INTO HOCPHAN(MAHP, TENHP, SOTC, STLT, STTH, MADV) VALUES ('MTH00086', 'Thực hành Toán rời rạc', 1, 0, 30, 'TOAN');
INSERT INTO HOCPHAN(MAHP, TENHP, SOTC, STLT, STTH, MADV) VALUES ('MTH00050', 'Toán học tổ hợp', 4, 45, 30, 'TOAN');
INSERT INTO HOCPHAN(MAHP, TENHP, SOTC, STLT, STTH, MADV) VALUES ('MTH00051', 'Toán ứng dụng và thống kê', 4, 45, 30, 'TOAN');
INSERT INTO HOCPHAN(MAHP, TENHP, SOTC, STLT, STTH, MADV) VALUES ('MTH00052', 'Phương pháp tính', 4, 45, 30, 'TOAN');
INSERT INTO HOCPHAN(MAHP, TENHP, SOTC, STLT, STTH, MADV) VALUES ('MTH00053', 'Lý thuyết số', 4, 45, 30, 'TOAN');
INSERT INTO HOCPHAN(MAHP, TENHP, SOTC, STLT, STTH, MADV) VALUES ('MTH00054', 'Phép tính vị từ', 4, 45, 30, 'TOAN');


INSERT INTO HOCPHAN(MAHP, TENHP, SOTC, STLT, STTH, MADV) VALUES ('PHY00001', 'Vật lý đại cương 1', 3, 30, 0, 'VATLY');
INSERT INTO HOCPHAN(MAHP, TENHP, SOTC, STLT, STTH, MADV) VALUES ('PHY00002', 'Vật lý đại cương 2', 3, 30, 0, 'VATLY');
INSERT INTO HOCPHAN(MAHP, TENHP, SOTC, STLT, STTH, MADV) VALUES ('PHY00081', 'Thực hành Vật lý đại cương 1', 2, 0, 60, 'VATLY');
INSERT INTO HOCPHAN(MAHP, TENHP, SOTC, STLT, STTH, MADV) VALUES ('PHY00082', 'Thực hành Vật lý đại cương 2', 2, 0, 60, 'VATLY');

INSERT INTO HOCPHAN(MAHP, TENHP, SOTC, STLT, STTH, MADV) VALUES ('BIO00001', 'Sinh đại cương 1', 3, 30, 0, 'SINH');
INSERT INTO HOCPHAN(MAHP, TENHP, SOTC, STLT, STTH, MADV) VALUES ('BIO00002', 'Sinh đại cương 2', 3, 30, 0, 'SINH');
INSERT INTO HOCPHAN(MAHP, TENHP, SOTC, STLT, STTH, MADV) VALUES ('BIO00081', 'Thực hành Sinh đại cương 1', 2, 0, 60, 'SINH');
INSERT INTO HOCPHAN(MAHP, TENHP, SOTC, STLT, STTH, MADV) VALUES ('BIO00082', 'Thực hành Sinh đại cương 2', 2, 0, 60, 'SINH');

INSERT INTO HOCPHAN(MAHP, TENHP, SOTC, STLT, STTH, MADV) VALUES ('CSC10001', 'Nhập môn lâp trình', 4, 45, 30, 'CNTT');
INSERT INTO HOCPHAN(MAHP, TENHP, SOTC, STLT, STTH, MADV) VALUES ('CSC10002', 'Kỹ thuật lập trình', 4, 45, 30, 'CNTT');
INSERT INTO HOCPHAN(MAHP, TENHP, SOTC, STLT, STTH, MADV) VALUES ('CSC10003', 'Phương pháp lập trình hướng đối tượng', 4, 45, 30, 'CNTT');
INSERT INTO HOCPHAN(MAHP, TENHP, SOTC, STLT, STTH, MADV) VALUES ('CSC10004', 'Cấu trúc dữ liệu và giải thuật', 4, 45, 30, 'CNTT');
INSERT INTO HOCPHAN(MAHP, TENHP, SOTC, STLT, STTH, MADV) VALUES ('CSC10006', 'Cơ sở dữ liệu', 4, 45, 30, 'CNTT');
INSERT INTO HOCPHAN(MAHP, TENHP, SOTC, STLT, STTH, MADV) VALUES ('CSC10007', 'Hệ điều hành', 4, 45, 30, 'CNTT');
INSERT INTO HOCPHAN(MAHP, TENHP, SOTC, STLT, STTH, MADV) VALUES ('CSC10008', 'Mạng máy tính', 4, 45, 30, 'CNTT');
INSERT INTO HOCPHAN(MAHP, TENHP, SOTC, STLT, STTH, MADV) VALUES ('CSC10009', 'Hệ thống máy tính', 2, 30, 0, 'CNTT');
INSERT INTO HOCPHAN(MAHP, TENHP, SOTC, STLT, STTH, MADV) VALUES ('CSC13002', 'Nhập môn công nghệ phần mềm', 4, 45, 30, 'CNTT');
INSERT INTO HOCPHAN(MAHP, TENHP, SOTC, STLT, STTH, MADV) VALUES ('CSC14003', 'Cơ sở trí tuệ nhân tạo', 4, 45, 30, 'CNTT');



INSERT INTO HOCPHAN(MAHP, TENHP, SOTC, STLT, STTH, MADV) VALUES ('CSC00004', 'Nhập môn công nghệ thông tin', 4, 45, 30, 'CNTT');
INSERT INTO HOCPHAN(MAHP, TENHP, SOTC, STLT, STTH, MADV) VALUES ('BAA00011', 'Anh văn 1', 3, 30, 30, 'CNTT');
INSERT INTO HOCPHAN(MAHP, TENHP, SOTC, STLT, STTH, MADV) VALUES ('BAA00012', 'Anh văn 2', 3, 30, 30, 'CNTT');
INSERT INTO HOCPHAN(MAHP, TENHP, SOTC, STLT, STTH, MADV) VALUES ('BAA00013', 'Anh văn 3', 3, 30, 30, 'CNTT');
INSERT INTO HOCPHAN(MAHP, TENHP, SOTC, STLT, STTH, MADV) VALUES ('BAA00014', 'Anh văn 4', 3, 30, 30, 'CNTT');



INSERT INTO HOCPHAN(MAHP, TENHP, SOTC, STLT, STTH, MADV) VALUES ('CSC12001', 'An toàn và bảo mật dữ liệu trong hệ thống thông tin', 4, 45, 30, 'CNTT');
INSERT INTO HOCPHAN(MAHP, TENHP, SOTC, STLT, STTH, MADV) VALUES ('CSC12002', 'Cơ sở dữ liệu nâng cao', 4, 45, 30, 'CNTT');
INSERT INTO HOCPHAN(MAHP, TENHP, SOTC, STLT, STTH, MADV) VALUES ('CSC12003', 'Hệ quản trị cơ sở dữ liệu', 4, 45, 30, 'CNTT');
INSERT INTO HOCPHAN(MAHP, TENHP, SOTC, STLT, STTH, MADV) VALUES ('CSC12004', 'Phân tích thiết kế hệ thống thông tin', 4, 45, 30, 'CNTT');
INSERT INTO HOCPHAN(MAHP, TENHP, SOTC, STLT, STTH, MADV) VALUES ('CSC12005', 'Phát triển ứng dụng hệ thống thông tin hiện đại', 4, 45, 30, 'CNTT');



INSERT INTO HOCPHAN(MAHP, TENHP, SOTC, STLT, STTH, MADV) VALUES ('MTH10404', 'Lý thuyết thống kê', 3, 15, 30, 'TOAN');
INSERT INTO HOCPHAN(MAHP, TENHP, SOTC, STLT, STTH, MADV) VALUES ('MTH10405', 'Cấu trúc dữ liệu và giải thuật', 4, 45, 30, 'TOAN');
INSERT INTO HOCPHAN(MAHP, TENHP, SOTC, STLT, STTH, MADV) VALUES ('MTH10406', 'Toán rời rạc', 4, 45, 30, 'TOAN');
INSERT INTO HOCPHAN(MAHP, TENHP, SOTC, STLT, STTH, MADV) VALUES ('MTH10407', 'Lập trình hướng đối tượng', 4, 45, 30, 'TOAN');
INSERT INTO HOCPHAN(MAHP, TENHP, SOTC, STLT, STTH, MADV) VALUES ('MTH10401', 'Lý thuyết độ đo và xác suất', 4, 45, 0, 'TOAN');
INSERT INTO HOCPHAN(MAHP, TENHP, SOTC, STLT, STTH, MADV) VALUES ('MTH10402', 'Đại số A2', 4, 45, 30, 'TOAN');
INSERT INTO HOCPHAN(MAHP, TENHP, SOTC, STLT, STTH, MADV) VALUES ('MTH10403', 'Giải tích hàm', 4, 45, 0, 'TOAN');
INSERT INTO HOCPHAN(MAHP, TENHP, SOTC, STLT, STTH, MADV) VALUES ('MTH11010', 'Phương pháp giảng dạy toán 1', 3, 30, 30, 'TOAN');
INSERT INTO HOCPHAN(MAHP, TENHP, SOTC, STLT, STTH, MADV) VALUES ('MTH11011', 'Phương pháp giảng dạy toán 2', 3, 30, 30, 'TOAN');


-- MOMON
-- Môn MTH00003 (Vi tích phân 1B)
INSERT INTO MOMON (MAMM, MAHP, MAGV, HK, NAM) VALUES ('MTH00003_1_2024', 'MTH00003', 'GV00001', 1, 2024);
INSERT INTO MOMON (MAMM, MAHP, MAGV, HK, NAM) VALUES ('MTH00003_2_2024', 'MTH00003', 'GV00002', 2, 2024);
INSERT INTO MOMON (MAMM, MAHP, MAGV, HK, NAM) VALUES ('MTH00003_3_2024', 'MTH00003', 'GV00003', 3, 2024);
INSERT INTO MOMON (MAMM, MAHP, MAGV, HK, NAM) VALUES ('MTH00003_1_2025', 'MTH00003', 'GV00004', 1, 2025);
INSERT INTO MOMON (MAMM, MAHP, MAGV, HK, NAM) VALUES ('MTH00003_2_2025', 'MTH00003', 'GV00005', 2, 2025);
INSERT INTO MOMON (MAMM, MAHP, MAGV, HK, NAM) VALUES ('MTH00003_3_2025', 'MTH00003', 'GV00006', 3, 2025);
INSERT INTO MOMON (MAMM, MAHP, MAGV, HK, NAM) VALUES ('MTH00003_1_2026', 'MTH00003', 'GV00007', 1, 2026);
INSERT INTO MOMON (MAMM, MAHP, MAGV, HK, NAM) VALUES ('MTH00003_2_2026', 'MTH00003', 'GV00008', 2, 2026);

-- Môn MTH00081 (Thực hành Vi tích phân 1B)
INSERT INTO MOMON (MAMM, MAHP, MAGV, HK, NAM) VALUES ('MTH00081_1_2024', 'MTH00081', 'GV00009', 1, 2024);
INSERT INTO MOMON (MAMM, MAHP, MAGV, HK, NAM) VALUES ('MTH00081_2_2024', 'MTH00081', 'GV00010', 2, 2024);
INSERT INTO MOMON (MAMM, MAHP, MAGV, HK, NAM) VALUES ('MTH00081_3_2024', 'MTH00081', 'GV00011', 3, 2024);
INSERT INTO MOMON (MAMM, MAHP, MAGV, HK, NAM) VALUES ('MTH00081_1_2025', 'MTH00081', 'GV00012', 1, 2025);
INSERT INTO MOMON (MAMM, MAHP, MAGV, HK, NAM) VALUES ('MTH00081_2_2025', 'MTH00081', 'GV00013', 2, 2025);
INSERT INTO MOMON (MAMM, MAHP, MAGV, HK, NAM) VALUES ('MTH00081_3_2025', 'MTH00081', 'GV00014', 3, 2025);
INSERT INTO MOMON (MAMM, MAHP, MAGV, HK, NAM) VALUES ('MTH00081_1_2026', 'MTH00081', 'GV00015', 1, 2026);
INSERT INTO MOMON (MAMM, MAHP, MAGV, HK, NAM) VALUES ('MTH00081_2_2026', 'MTH00081', 'GV00016', 2, 2026);

-- Môn CSC10001 (Nhập môn lập trình)
INSERT INTO MOMON (MAMM, MAHP, MAGV, HK, NAM) VALUES ('CSC10001_1_2024', 'CSC10001', 'GV00017', 1, 2024);
INSERT INTO MOMON (MAMM, MAHP, MAGV, HK, NAM) VALUES ('CSC10001_2_2024', 'CSC10001', 'GV00018', 2, 2024);
INSERT INTO MOMON (MAMM, MAHP, MAGV, HK, NAM) VALUES ('CSC10001_3_2024', 'CSC10001', 'GV00019', 3, 2024);
INSERT INTO MOMON (MAMM, MAHP, MAGV, HK, NAM) VALUES ('CSC10001_1_2025', 'CSC10001', 'GV00020', 1, 2025);
INSERT INTO MOMON (MAMM, MAHP, MAGV, HK, NAM) VALUES ('CSC10001_2_2025', 'CSC10001', 'GV00021', 2, 2025);
INSERT INTO MOMON (MAMM, MAHP, MAGV, HK, NAM) VALUES ('CSC10001_3_2025', 'CSC10001', 'GV00022', 3, 2025);
INSERT INTO MOMON (MAMM, MAHP, MAGV, HK, NAM) VALUES ('CSC10001_1_2026', 'CSC10001', 'GV00023', 1, 2026);
INSERT INTO MOMON (MAMM, MAHP, MAGV, HK, NAM) VALUES ('CSC10001_2_2026', 'CSC10001', 'GV00024', 2, 2026);




QUIT;




